Programs,Stimulation Score,TV or YouTube,Target Age Group,Seasons,,Avg. Epsiode,"Themes, Teachings, Guidance",Interactivity Level,Animation Styles,Dialougue Intensity,Sound Effects,Music Tempo,Total Music,Total Sound Effect Time,Scene Frequency
A for Adley,4,YouTube,3-8,,,,"Preschool-Basics, Creativity & Imagination, Family Relationships, Family Values, Conflict Resolution, Problem Solving, Relatable Situations",High,Live-Action Family Videos,Moderate-High,Moderate-High,Moderate,Moderate,Moderate,Moderate-High
"Ada Twist, Scientist",3,TV,4-8,4 Seasons,, 12 minutes,"Positive Role Models, STEM, Critical Thinking, Curiosity, Problem Solving, Teamwork, Perseverance, Science",High,3D CGI animation with bright and vivid colors,Moderate-High,Moderate,Moderate,Moderate,Moderate,Moderate
Adventure Agents,4,YouTube,"6-12, 12+",,,,"Enviromental Awareness, Cause and Effect, Life Lessons, Outdoor Exploration, Nature, Natural World, Exploration, Motor Skills, Animals, Farm Life, Emotional Intelligence, Problem Solving, Critical Thinking, Teamwork, Curiosity, Adventure, Discovery, Safety, Nature Sounds, Healthy Eating, Confidence Building, Mature Themes, Wild Animal Captures and Cooking",High,Live Action Outdoors Survival Adventure,Moderate-High,Mod-High (Nature),Low,Low,Moderate-High,Moderate
Adventure Time (2010-2018),5,TV,10-14,10 Seasons,, 11 minutes,"Creativity & Imagination, Humor, Problem Solving, Friendship, Entertainment, Fantasy Elements, Adventure, Mild Mature Themes",Low to Moderate,Traditional hand-drawn 2D animation,High,High,Moderate-High,High,High,High
Akili and Me,3,YouTube,3-6,,,,"Creativity & Imagination, Early Childhood experiences, Cultures & Traditions, Cultural & Social, Life Lessons, Preschool-Basics, Numeracy, Literacy, Motor Skills, Music, Repetitive Learning, Language Learning, Exercise, Colours, Shapes, sing-a-long, Social-Emotional, Cognitive Development",High,2D digital animation with a hand-drawn look. Bright and cheerful colors with simple backgrounds,High,Moderate,Moderate,High,Moderate,Moderate
Alma's Way,2,TV,4-8,2 Seasons,, 26 minutes,"Cultures & Traditions, Cause and Effect, Social-Emotional, Critical Thinking, Problem Solving",High,2D digital animation with a hand-drawn look. Bright and cheerful colors with simple backgrounds,Moderate,Low-Moderate,Moderate,Moderate-High,Low,Low
Alphablocks,3,TV,3-6,5 Seasons,, 5 minutes,"Preschool-Basics, Literacy, Phonics, Language Learning",High,2D digital animation with colorful and stylized block characters.,Moderate,Moderate,Moderate,Moderate,Moderate,Moderate
Amakandu,1,YouTube,Any,,,,"Engineering Concepts, Creativity & Imagination, Sensory Exploration, Mindfulness, Nature, Relaxation, Captivating Visuals, Nature Sounds, ASMR",Low,Real Props No Animations ,None,High,Low,Low,High,High
Andy's Dinosaur Adventures,3,TV,4-8,1 Season,,14 minutes,"Dinosaurs, Paleontology, Adventure, Science, Natural History, Curiosity",Moderate,Combination of live-action and CGI animation.,Moderate,Moderate,Moderate,Moderate,Moderate,Moderate
Angelina Ballerina (2008-2010),3,TV,3-6,,,12 minutes,"Cultural Appreciation, Creativity & Imagination, Perseverance, Friendship, Problem Solving, Ballet, Motor Skills",Low to Moderate,3D CGI Animation,Moderate,Moderate,Moderate,High,Moderate,Moderate
Art Kids TV,3,YouTube,5-12,,,,"Arts & Crafts, Preschool-Basics, Creativity & Imagination, Origami, Painting, Drawing, Motor Skills, Literacy, Numeracy, Shapes, Colours",High,Live-Action with Bright Colors and Simple Settings,Moderate-High,Moderate,Moderate,Moderate-High,Moderate,Low-Moderate
Arthur,2,TV,6-10,25 Seasons,,26 minutes,"Social-Emotional, Friendship, Problem Solving, Family Values, Relatable Situations, Social Development",Moderate,2D Traditional hand-drawn,Moderate-High,Low-Moderate,Moderate,Moderate,Low-Moderate,Moderate
Avatar: The Last Airbender,5,TV,8-14,3 Seasons,,23 minutes,"Life Lessons, Cultural Appreciation, Cultures & Traditions, Teamwork, Morality, Emotional Intelligence, Entertainment, Fantasy Elements, Martial Arts, Friendship, Responsibility, Perseverance, Mild Peril, Mild Fantasy Violence",Low to Moderate,2D animation inspired by anime styles.,High,High,Moderate,Moderate-High,High,High
Baba blast,4,YouTube,3-6,,,,"Early Childhood experiences, Dinosaurs, Paleontology, Natural History, sing-a-long, Dance, Social-Emotional, Exploration, Entertainment",High,Combination of Live-Action and 2D Animation. Color Palette: Bright and primary colors.,High,Moderate-High,Moderate,Moderate,Moderate-High,Moderate
Babar,2,TV,4-8,6 Seasons,,23 minutes,"Friendship, Responsibility, Problem Solving, Leadership, Emotional Intelligence, Perseverance, Family Values, Teamwork",Moderate,Traditional 2D hand-drawn animation.,Moderate,Low-Moderate,Low-Moderate,Moderate,Low,Moderate
Babblarna,1,TV,1-4,1 Season,,3 minutes,"Creativity & Imagination, Language Learning, Repetitive Learning, Social-Emotional, Phonics",High,3D CGI animation delivered slowly and smoothly,Very Low,Low,Moderate,High,Low,Low
Badanamu,4,TV,1-5,4 Seasons,,5 minutes,"Preschool-Basics, sing-a-long, Numeracy, Literacy, Motor Skills, Cognitive Development, Language Learning, Phonics, Emotional Intelligence",High,3D CGI animation with bright and vivid colors.,Low-Moderate,High,Moderate-High,High,High,High
Bananas in Pyjamas (2011-2013),1,TV,2-5,,,12 minutes,"Friendship, Problem Solving, Social-Emotional, sing-a-long, Repetitive Learning",Moderate,3D CGI animation introduces brighter colors and more dynamic visuals but the animation remains straightforward to prevent overstimulation,Moderate,Low-Moderate,Moderate,Moderate,Moderate,Moderate
Barbapapa (1973-2003),3,TV,3-7,2 Seasons,,5 minutes,"Enviromental Awareness, Creativity & Imagination, Social-Emotional",Moderate,traditional hand-drawn 2D animation,Moderate,Low-Moderate,Moderate,Moderate,Low-Moderate,Moderate
Barney & Friends,2,TV,2-5,13 Seasons,,25 minutes,"Preschool-Basics, Dance, Social-Emotional, Friendship, Numeracy, Literacy, Music, Teamwork, Shapes, Emotional Intelligence, sing-a-long",High,Live action with costumed characters,Moderate,Low,Moderate,High,Low,Moderate
"Be Cool, Scooby-Doo! (2015–2018)",5,TV,7-12,,,26 minutes,"Problem Solving, Teamwork, Mystery, Entertainment, Humor, Critical Thinking, Mild Peril, Mild Fantasy Violence",Low,Cartoonish 2D animation style,High,High,High,High,Very-High,High
Bear in the Big Blue House,2,TV,2-5,5 Seasons,,24 minutes,"Social-Emotional, Friendship, Routine, Problem Solving, Emotional Intelligence, Social Development, Relatable Situations, sing-a-long, Bedtime Routines",High,Live-action costumed puppetry with detailed sets. ,Moderate,Low-Moderate,Low-Moderate,Low-Moderate,Low,Low-Moderate
Beep and Mort,1,TV,3-6,2 Seasons,,22 minutes,"Creativity & Imagination, Friendship, Problem Solving, Emotional Intelligence, Adventure, Teamwork, Perseverance, Curiosity",Moderate,Live-action puppetry with colorful characters.,Moderate,Low,Low-Moderate,Moderate,Low-Moderate,Low
Ben & Holly's Little Kingdom (2009-2013),3,TV,4-8,2 Seasons,,25 minutes,"Creativity & Imagination, Problem Solving, Friendship, Teamwork",Moderate,Digital 2D animation,Moderate,Moderate,Moderate,Moderate,Moderate,Moderate
Between the Lions,3,TV,4-8,11 Seasons,,26 minutes,"Literacy, Phonics, Language Learning, Reading Comprehension, Music, Humor",High,"Combination of live-action puppetry, 2D animation, and CGI effects. Bright but balanced colors, with emphasis on text and literacy elements.",High,Moderate,Moderate,High,Moderate,Moderate-High
Bill Nye the Science Guy,5,TV,8-14,5 Seasons,,23 minutes,"STEM, Cause and Effect, Safety, Discovery, Science, Critical Thinking, Experimentation, Curiosity, Natural World, Problem Solving",High,"Live-action with fast-paced editing, animations, and special effects.",High,High,Moderate-High,High,High,High
Bing,2,TV,2-4,4 Seasons,,7 minutes,"Social Development, Emotional Intelligence, Problem Solving",Low to Moderate,3D CGI animation,Moderate,Low-Moderate,Low-Moderate,Moderate,Low,Low
Blippi,5,YouTube,2-5,,,,"Preschool-Basics, Early Childhood experiences, Creativity & Imagination, Curiosity, Animals, Natural World, Exploration, sing-a-long, Dance, Vocabulary, Adventure, Silly Comedy, Colours, Shapes, Nature, Hyper-Activity",High,Live-Action with Bright Colors and Real-World Settings,High,High,High,High,High,High
Blue's Clues (1996-2007),1,TV,3-6,6 Seasons,,25 minutes,"Preschool-Basics, Emotional Intelligence, Critical Thinking, Problem Solving",High,"Live action, Digital 2D animation",Moderate,Low,Low-Moderate,Moderate,Low,Very Low
Blue's Clues & You! (2019) ,1,TV,3-6,,,22 minutes,"Preschool-Basics, Emotional Intelligence, Problem Solving, Critical Thinking",High,"Live action, 3D CGI animation",Moderate,Low,Low-Moderate,Moderate,Low,Very Low
Bluey 2018-present,3,TV,3-8,4 Seasons,,7 minutes,"Creativity & Imagination, Emotional Intelligence, Conflict Resolution, Family Values, Family Relationships",Moderate,Digital 2D animation,Moderate,Moderate,Moderate,High,Moderate,Moderate
Bob the Builder (1997-2015),3,TV,3-6,21 Seasons,,10 minutes,"Creativity & Imagination, Problem Solving, Friendship, Teamwork, Repetitive Learning",Low to Moderate,Traditional Stop-Motion animation,Moderate,Moderate,Moderate,Moderate,Moderate,Low-Moderate
Bob the Builder (2015-2018) ,4,TV,3-6,,,11 minutes,"Creativity & Imagination, Problem Solving, Friendship, Teamwork, Repetitive Learning",Low to Moderate,3D CGI animation,Moderate,Moderate-High,Moderate,Moderate,Moderate,Moderate-High
Boba the Show (2021-present),4,TV,3-6,5 Seasons,,10 minutes,"Creativity & Imagination, Early Childhood experiences, Social-Emotional, Friendship, Emotional Intelligence, Social Development, sing-a-long, Dance, Humor, Motor Skills",Moderate,3D CGI animation with realistic textures and environments.,Low,High,Moderate-High,High,High,High
Bounce Patrol,5,YouTube,3-6,,,,"Preschool-Basics, Literacy, Numeracy, Colours, Animals, Social-Emotional, sing-a-long, Dance, Phonics, Vocabulary, Exercise",High,Live-Action with Bright Colors and Simple Settings,High,High,High,Very-High,High,High
Brain Candy TV,5,YouTube,Any,,,,"Spacetime and the Cosmos, Preschool-Basics, Elementary-Basics, STEM, Early Childhood experiences, Engineering Concepts, Science, Language Learning, Phonics, Vocabulary, Cognitive Development, Curiosity, Natural History, Colours, Literacy",High,3D CGI Animation with Bright Colors and Realistic Models,Moderate-High,Mod-High (Nature),Moderate,Moderate-High,High,Moderate
Bubble Guppies,5,TV,3-6,6 Seasons,,23 minutes,"Elementary-Basics, Math, Literacy, Science, Social-Emotional, Teamwork, sing-a-long, Problem Solving, Numeracy, Cognitive Development",High,3D CGI animation set in an underwater world. Extremely bright and vivid colors with high saturation.,High,High,Moderate-High,High,High,High
Builder Brothers' Dream Factory,3,TV,4-8,1 Season,,11 minutes,"STEM, Creativity & Imagination, Engineering Concepts, Teamwork, Critical Thinking",High,3D CGI Animation with detailed environments.,Moderate-High,Moderate,Moderate-High,Moderate-High,Moderate-High,Moderate-High
Caillou (1997-2010),2,TV,2-5,8 Seasons,,22 minutes,"Social-Emotional, Family Relationships, Relatable Situations, Patience, Emotional Intelligence, Conflict Resolution, Friendship, Frequent Whining, Tantrums, Lack of Consequences",Low,Traditional hand-drawn 2D animation. DIgital later in the seasons,Moderate,Low-Moderate,Moderate,Moderate,Low-Moderate,Low-Moderate
Caitie's Classroom (SuperSimplePlay),3,YouTube,1-5,,,,"Preschool-Basics, Early Childhood experiences, STEM, Elementary-Basics, Cultural & Social, sing-a-long, Dance, Music, Social-Emotional, Literacy, Numeracy, Social Development, Emotional Intelligence, Motor Skills",High,Live-Action with Puppetry and Props,High,Moderate,Moderate,High,Moderate,Moderate
Canticos (2016-present),3,TV,1-5,3 Seasons,,3 minutes,"Cultures & Traditions, Cultural & Social, Cultural Appreciation, Language Learning, Literacy, sing-a-long, Music",High,"Digital 2D animation with a simple, storybook-inspired art style. The characters are designed with soft, rounded features and bright, pastel colors, reflecting the show's musical and educational focus. The animation often incorporates interactive elements, encouraging audience participation.",Moderate-High,Moderate,Moderate-High,High,Moderate,Moderate-High
Captain Planet and the Planeteers (1990-1996),4,TV,7-12,6 Seasons,,23 minutes,"Super Hero Themes, Enviromental Awareness, Teamwork, Ecosystems, Responsibility, Social Development, Entertainment, Mild Peril",Moderate,Traditional 2D Animation with Bold Designs,High,High,High,High,High,High
Care Bears: Unlock the Magic (2019-present),3,TV,4-8,2 Seasons,,11 minutes,"Learning from Mistakes, Emotional Intelligence, Social-Emotional, Social Development, Friendship",Moderate,"2D Digital Animation with a modern, vibrant design. Color Palette: Bright and pastel colors with high saturation.",Moderate,Moderate,Moderate,Moderate,Moderate,Moderate
Casper Babypants,2,YouTube,1-5,,,,"Preschool-Basics, Music, sing-a-long, Vocabulary, Dance, Relaxation, Repetitive Learning, Language Learning, Literacy, Numeracy, Phonics, Routine, Bedtime Routines, Motor Skills, Sensory Exploration, Cognitive Development",Moderate,Simple Animations or Live-Action with Gentle Imagery,Moderate (Singing),Moderate,Moderate,Very-High,Low-Moderate,Low-Moderate
Charlie's Colorform City,2,TV,2-5,3 Seasons,,13 minutes,"Creativity & Imagination, Preschool-Basics, Shapes, Colours, Critical Thinking, Cognitive Development, Repetitive Learning",High,2D Digital Animation using Colorforms-inspired designs. Color Palette: Bright and bold primary colors with simple shapes.,Moderate,Low-Moderate,Moderate,Moderate,Low,Moderate
Chip and Potato,3,TV,3-6,2 Seasons,,11 minutes,"Overcoming Fears, Social-Emotional, Friendship, Problem Solving, Family Values, Emotional Intelligence, Perseverance",Moderate,"2D Digital Animation with soft, rounded designs. Color Palette: Warm and pastel colors.",Moderate,Moderate,Moderate,Moderate,Moderate,Moderate
City of friends,3,TV,3-6,2 Seasons,,11 minutes,"Community Service, Teamwork, Responsibility, Problem Solving",Moderate,3D CGI Animation with detailed environments.,Moderate,Moderate,Moderate,Moderate,Moderate,Moderate
CITY VEHICLES,5,YouTube,2-5,,,,"Vehicle Themes, Creativity & Imagination, Engineering Concepts, Mechanics, Problem Solving, Teamwork, Music, Entertainment",Low,3D CGI Animation with Bright Colors and Realistic Models,Moderate,High,High,Very-High (Repetative) ,Very-High (Repetative) ,High
Clifford the Big Red Dog (2000),2,TV,4-8,3 Seasons,,26 minutes,"Emotional Intelligence, Social Development, Problem Solving, Friendship, Community",Low to Moderate,Digital 2D animation,Moderate,Moderate,Moderate,Moderate,Moderate,Moderate
Clifford the Big Red Dog (2019),3,TV,3-6,,,22 minutes,"Emotional Intelligence, Friendship, Problem Solving, Social Development, Community",Low to Moderate,3D CGI animation,Moderate,Moderate-High,Moderate,Moderate,Moderate,Moderate
Cloudbabies,2,YouTube,2-5,,,,"Enviromental Awareness, Social-Emotional, Responsibility, Teamwork, Social Development, Routine, Bedtime Routines, Natural World, Natural Science, Relaxation, Nature, sing-a-long",Moderate,3D CGI Animation with a soft aesthetic. Color Palette: Pastel colors and gentle hues.,Moderate,Low-Moderate,Moderate,Moderate-High,Low-Moderate,Low-Moderate
CoasterFan2105,3,YouTube,Any,,,,"Engineering Concepts, Cultural Appreciation, Locomotive History, History, Hobbies, Entertainment, Travel Geography, Curiosity, Machinery, Trains",Low to Moderate,High-Definition Live-Action Footage,Low,High,Low-Moderate,Low,High,Moderate
Cocomelon,5,TV,1-4,10 Seasons,,05-55 minutes Compilation videos,"Preschool-Basics, Numeracy, Literacy, Shapes, Routine, Social-Emotional, Cognitive Development, Language Learning, sing-a-long",High,3D CGI Animation with extremely bright and vivid colors.,Low,High,Moderate-High,Very-High,High,High
Codename: Kids Next Door,4,TV,7-12,6 Seasons,,22 minutes,"Creativity & Imagination, Teamwork, Problem Solving, Courage, Mischievious Behaviour, Mild Fantasy Violence",Low to Moderate,2D Digital Animation with stylized character designs. Color Palette: Bright and varied colors with bold outlines.,High,High,Moderate-High,High,High,High
Colourblocks,3,YouTube,3-6,,,,"Preschool-Basics, Creativity & Imagination, Colours, Shapes, Art, Motor Skills, Colour Combinations",High,2D Digital Animation using Colorforms-inspired designs. Color Palette: Bright and bold primary colors with simple shapes.,Moderate-High,Moderate,Moderate-High,High,Moderate,Moderate-High
Cosmic kids yoga,3,YouTube,3-8,,,,"Life Lessons, Positive Engaging Screen-Time, Mindfulness, Exercise, Yoga, Emotional Intelligence, Routine, Sensory Exploration, Relaxation, sing-a-long, Positve Mindset",High,Live-Action with Colorful Green Screen Animations,High,Moderate,Moderate,Moderate-High,Moderate,Moderate
Courage the Cowardly Dog (1999-2002),5,TV,10-14,4 Seasons,,23 minutes,"Creativity & Imagination, Overcoming Fears, Problem Solving, Entertainment, Humor, Courage, Perseverance, Dark Themes, Surreal Imagery, Mild Intense Scenes",Low to Moderate,Traditional 2D Animation with surreal and sometimes dark visuals. Color Palette: Varied colors with contrasting dark and bright tones.,Moderate,High,Varies,High,High,High
Cowboy Jack,4,YouTube,3-8,,,,"Cultures & Traditions, Cultural & Social, Positive Role Models, Life Lessons, Exploration, Relatable Situations, Vocabulary, Social Development, Social-Emotional, Curiosity, History, Adventure, Discovery, Travel Geography",High,Live-Action with Real-World Exploration,High,Moderate-High,Moderate-High,High,Moderate-High,High
Creature Cases,4,TV,4-8,4 Season,,10 minutes,"Creativity & Imagination, Preschool-Basics, Mystery, Animals, Animal Behaviour, Nature, Problem Solving, Teamwork, Curiosity, Humor, Friendship",Moderate,3D CGI,Moderate-High,Moderate,Moderate,Moderate,Moderate,Moderate-High
Curious George (2006-present),2,TV,3-6,15 Seasons,,23 minutes,"STEM, Motor Skills, Discovery, Science, Curiosity, Exploration",Moderate,Digital hand-drawn 2D artwork animation.,Moderate,Moderate,Moderate,Moderate-High,Moderate-High,Moderate
Cyberchase (2002-present),4,TV,8-12,15 Seasons,,23 minutes,"STEM, Problem Solving, Critical Thinking, Math, Science, Entertainment",High,traditional 2D hand-drawn animation. Digital in later series.,Moderate-High,High,Moderate-High,High,High,Moderate
Daniel Tiger's Neighbourhood,2,TV,2-5,7 Seasons,,26 minutes,"Communiction & Expression, Life Lessons, Social-Emotional, Emotional Intelligence, Problem Solving, Social Development, Relatable Situations, Friendship, Family Relationships",High,Digital 2D animation,Moderate,Low,Low-Moderate,High,Low,Low-Moderate
Danny Go!,5,YouTube,3-7,,,,"Physical Fitness, Cultural Appreciation, Creativity & Imagination, Preschool-Basics, sing-a-long, Phonics, Entertainment, Interactive Game Elements, Dance, Repetitive Learning, Music, Exercise",High,Live-Action with Bright Colors and Interactive Elements,High,High,High,High,High,High
Davey and Goliath,2,TV,4-8,5 Seasons,,15 minutes,"Cause and Effect, Life Lessons, Morality, Family Values, Religion, Responsibility, Emotional Intelligence",Moderate,Stop-Motion Animation using clay figures,Moderate,Low,Low-Moderate,Moderate,Low,Moderate
De Zoete Zusjes,3,YouTube,4-10,,,,"Creativity & Imagination, Family Values, Family Relationships, Relatable Situations, Problem Solving, Vocabulary, Dutch Language",Moderate,Live-Action with Puppetry and Props,Moderate-High,Moderate,Moderate,Moderate,Moderate,Moderate-High
DG Bible Songs,3,YouTube,3-8,,,,"Religious Teachings, Cultural Appreciation, Cultures & Traditions, Spiritual Development, Biblical Stories, Religion, sing-a-long, Family Values, Music, Christian Values, Faith, Social-Emotional",Moderate,high-quality animation and music,Moderate (Singing),Moderate,Moderate,Very-High,Moderate,Moderate
Diego,4,TV,3-6,,,24 minutes,"Cultural & Social, Enviromental Awareness, Animal Behaviour, Wildlife Conservation, Language Learning, Problem Solving, Natural World",High,2D digital animation with a hand-drawn look. Bright and cheerful colors with simple backgrounds,High,High,Moderate-High,Moderate-High,High,High
Digimon: Digital Monsters,5,TV,8-14,4 Seasons,,22 minutes,"Teamwork, Friendship, Perseverance, Entertainment, Adventure, Fantasy Elements, Mild Fantasy Violence",Low,Traditional 2D Anime-style Animation.,High,High,Moderate-High,High,High,High
Dino Dana,3,TV,5-9,4 Seasons,,24 minutes,"Creativity & Imagination, Paleontology, Science, Curiosity, Problem Solving, Critical Thinking, Natural History, Ecosystems",High,Live-Action with CGI Dinosaurs. Color Palette: Natural colors with realistic environments.,Moderate,Moderate,Moderate,Moderate,Moderate,Moderate
Dino Ranch,3,TV,3-6,3 Seasons,,11 minutes,"Teamwork, Responsibility, Problem Solving, Adventure, Dinosaurs",Moderate,3D CGI animation,Moderate,Moderate,Moderate-High,Moderate,Moderate-High,Moderate
Dinosaur train,5,TV,3-6,7 Seasons,,26 minutes,"STEM, Friendship, Paleontology, Natural History, Dinosaurs, Natural World, Exploration, Science",Moderate,3D CGI animation,High,High,Moderate-High,High,High,Moderate-High
Dinotrux,4,TV,4-8,5 Seasons,,23 minutes,"Creativity & Imagination, Teamwork, Entertainment, Problem Solving, Engineering Concepts, Dinosaurs, Perseverance",Moderate,3D CGI Animation with detailed characters and environments. Color Palette: Bright and vivid colors with metallic textures.,Moderate,High,Moderate-High,High,High,High
Doc McStuffins,3,TV,3-6,5 Seasons,,24 minutes,"Health & Well-being, Social-Emotional, Problem Solving, Emotional Intelligence, Medical Care, Curiosity",High,"3D CGI Animation with soft, rounded designs. Color Palette: Bright and cheerful colors.",Moderate-High,Moderate,Moderate,Moderate,Moderate,Moderate
Doggyland,4,YouTube,2-6,,,,"Preschool-Basics, Learning through Songs, Dance, sing-a-long, Cognitive Development, Literacy, Numeracy, Colours, Shapes, Animals, Social-Emotional, Repetitive Learning, Music",High,3D Animation with Bright Colors and Anthropomorphic Dogs,High,High,High,Very-High,High,High
Dora the Explorer (2000-2014),5,TV,2-6,8 Seasons,,23 minutes,"Elementary-Basics, Language Learning, Problem Solving, Geography, Teamwork, Cognitive Development, Adventure",High,Digital 2D animation,High,High,High,High,High,High
Dragon Ball,5,TV,10-16,1 Season,,24 minutes,"Super Hero Themes, Positive Role Models, Entertainment, Adventure, Martial Arts, Fantasy Elements, Morality, Mild Violent themes, Mild Fantasy Violence, Mild Peril",Low,2D Hand-drawn animation (Anime style).,High,Very-High,Moderate-High,High,High,High
Dragon Tales,2,TV,3-7,3 Seasons,,26 minutes,"Creativity & Imagination, Emotional Intelligence, Teamwork, Social Development, Social-Emotional, Problem Solving, Perseverance",Low to Moderate,Traditional 2D Animation with soft designs. Color Palette: Pastel colors with whimsical settings.,Moderate,Low-Moderate,Moderate,Moderate,Low,Moderate
Duck & Goose,2,TV,2-5,2 Seasons,,07 minutes,"Problem Solving, Friendship, Social-Emotional, Teamwork, Emotional Intelligence, Social Development",Moderate,2D Digital Animation with a watercolor aesthetic. Color Palette: Soft and natural colors with pastel hues.,Moderate,Low-Moderate,Moderate,Moderate,Low-Moderate,Low-Moderate
Ed Edd n Eddy,5,TV,8-12,6 Seasons,,22 minutes,"Cause and Effect, Creativity & Imagination, Friendship, Problem Solving, Humor, Mischievious Behaviour",Low,Traditional 2D Animation with exaggerated designs. Color Palette: Bright colors with bold outlines.,High,High,Moderate-High,High,High,High
Elena of Avalor,4,TV,5-9,3 Seasons,,22 minutes,"Cultural Appreciation, Cultures & Traditions, Positive Role Models, Leadership, Responsibility, Emotional Intelligence, Morality",Moderate,3D CGI Animation with detailed designs. Color Palette: Bright and vibrant colors with cultural motifs.,High,High,Moderate-High,High,High,High
Elmo's World,2,TV,1-4,14 Seasons,,15 minutes,"Preschool-Basics, Motor Skills, sing-a-long, Dance, Social-Emotional, Numeracy, Literacy, Colours, Shapes",High,Combination of Live-Action and 2D Animation. Color Palette: Bright and primary colors.,Moderate,Moderate,Moderate-High,Moderate,Low-Moderate,Low-Moderate
English Tree,3,YouTube,2-6,,,,"Learning through Songs, Repetitive Learning, Literacy, Phonics, Vocabulary, Music, Numeracy, Colours, Shapes, Cognitive Development, Language Learning, sing-a-long",High,2D and 3D Animation with Bright Colors and Simple Characters,Moderate-High,Moderate,Moderate,High,Moderate,Moderate
"Ernst, Bobbie en de rest",3,TV,4-8,7 Seasons,,25 minutes,"Problem Solving, Teamwork, Humor, Social Development, Perseverance",Moderate,"Dutch children's show, Live-Action with comedic elements. ",High,Moderate,Moderate,Moderate,Moderate,Moderate
Fireman Sam (1987),2,TV,4-8,15 Seasons,,10 minutes,"Positive Role Models, Community Service, Safety, Teamwork, Problem Solving, Responsibility",Low to Moderate,Traditional Stop-Motion animation,Moderate,Low-Moderate,Moderate,Moderate,Low-Moderate,Low
Fireman Sam (2008) ,4,TV,3-6,,,10 minutes,"Positive Role Models, Community Service, Safety, Teamwork, Problem Solving, Responsibility",Low to Moderate,3D CGI animation,Moderate,Moderate-High,Moderate,Moderate,Moderate,Moderate-High
Franklin (1997-2004),1,TV,4-8,6 Seasons,,22 minutes,"Social-Emotional, Friendship, Problem Solving, Relatable Situations",Low to Moderate,Traditional Hand-drawn 2D animation,Moderate,Low,Low,Low-Moderate,Low,Low
Franklin and Friends (2011),3,TV,3-6,,,23 minutes,"Social-Emotional, Friendship, Teamwork, Relatable Situations, Problem Solving",Low to Moderate,3D CGI animation,Moderate,Low-Moderate,Low-Moderate,Low-Moderate,Low,Low-Moderate
Frog and Toad,1,TV,3-7,2 Seasons,,13 minutes,"Friendship, Problem Solving, Emotional Intelligence, Nature, Relatable Situations, Patience",Moderate,2D Digital Animation with a hand-drawn aesthetic.,Moderate,Low,Low-Moderate,Moderate,Low,Low
Gabby's Dollhouse,4,TV,3-7,10 Seasons,,24 minutes,"Creativity & Imagination, Problem Solving, Emotional Intelligence",Moderate,Live-action and 3D CGI animation,Moderate,High,Moderate-High,High,Moderate-High,High
Gecko’s Garage,3,YouTube,2-5,,,,"Vehicle Themes, Engineering Concepts, Mechanics, Teamwork, Shapes, Colours",Moderate,3D CGI Animation with bright and vibrant colors. Color Palette: Bright and cheerful colors with high saturation.,Moderate-High,High,Moderate,Moderate-High,High,Moderate
Genevieve playhouse,3,YouTube,2-5,,,,"Teaching with Toys, Preschool-Basics, Colours, Numeracy, Literacy, Multi-Lingual Learning, Entertainment, Humor, Vocabulary",High,Live-Action Toy Demonstrations with Bright Colors,Moderate,Moderate-High,Moderate,High,High,Moderate-High
Get Rolling with Otis,3,TV,3-6,2 Seasons,,22 minutes,"Problem Solving, Teamwork, Emotional Intelligence, Perseverance, Social Development",Moderate,3D CGI Animation with bright and vibrant colors. Color Palette: Bright and cheerful colors with high saturation.,Moderate,Moderate,Low-Moderate,Moderate,Low-Moderate,Low-Moderate
Gigantosaurus,4,TV,3-6,3 Seasons,,22 minutes,"Adventure, Problem Solving, Teamwork, Dinosaurs, Entertainment",Low to Moderate,3D CGI Animation with detailed and dynamic visuals.,Moderate,High,Moderate-High,High,High,High
GirlsTtoyZZ,4,YouTube,3-8,,,,"Creativity & Imagination, Teaching with Toys, Early Childhood experiences, Sensory Exploration, Entertainment, Toy Review",Low to Moderate,Live-Action with Bright Colors and Simple Settings,Moderate-High,High,Moderate-High,High,High,High
Go Go! Cory Carson,3,TV,2-5,7 Seasons,,7 minutes,"Social-Emotional, Friendship, Problem Solving, Relatable Situations, Emotional Intelligence, Vehicle Themes",Moderate,"3D CGI Animation with stylized and colorful designs. Bright but not overly saturated colors, with a focus on vibrant settings.",Moderate,Moderate,Moderate,Moderate,Moderate,Moderate
"Go, Dog. Go!",4,TV,3-6,4 Seasons,,24 minutes,"Creativity & Imagination, Problem Solving, Friendship, Teamwork, Critical Thinking, Relatable Situations",Moderate,3D CGI Animation with stylized character designs based on the original book illustrations. Color Palette: Bright and vivid colors with a focus on primary colors.,Moderate,Moderate-High,Moderate,Moderate,Moderate-High,High
Gracie's Corner,4,YouTube,3-7,,,,"Cultural Appreciation, Cultural & Social, Learning through Songs, Early Childhood experiences, Literacy, Numeracy, Social-Emotional, sing-a-long, Dance, Music, Healthy Eating, Emotional Intelligence",High,"2D animation with bright, colorful visuals and rhythmic, energetic choreography.",Moderate-High,High,Moderate-High,High,High,High
Grizzy and the Lemmings (2016-present),5,TV,6-10,4 Seasons,,7 minutes,"Communiction & Expression, Entertainment, Problem Solving, Humor, Slapstic Comedy, Mild Fantasy Violence",Low,3D CGI animation,Very Low,Very-High,High,High,High,High
Guess How Much I Love You,2,TV,2-5,3 Seasons,,11 minutes,"Emotional Intelligence, Friendship, Family Values, Social-Emotional",Moderate,2D Digital Animation with a watercolor aesthetic. Color Palette: Soft and natural colors with pastel hues.,Low-Moderate,Low,Low-Moderate,Moderate,Low,Moderate
"Gullah, Gullah Island",3,TV,3-7,4 Seasons,,24 minutes,"Cultural & Social, Life Lessons, Cultures & Traditions, Cultural Appreciation, sing-a-long, Dance, Social-Emotional, Social Development, Music",High,Live-Action with musical elements. Color Palette: Bright and vibrant colors reflecting the cultural setting.,Moderate-High,Moderate,Moderate-High,High,Moderate,Moderate
Gumby: The Movie,3,TV,4-8,3 Seasons,,7 minutes,"Creativity & Imagination, Problem Solving, Perseverance",Low to Moderate,Stop-Motion Animation using clay figures (claymation). Color Palette: Varied colors with a mix of bright and muted tones. Unique asthetic uncommon in the present day.,Low-Moderate,Moderate-High,Varies,High,High,Moderate
Handyman Hal,4,YouTube,3-8,,,,"Life Lessons, Engineering Concepts, Cultures & Traditions, Cultural Appreciation, Vehicle Themes, STEM, Farm Life, Agriculture, Mechanics, Curiosity, Entertainment, Humor, Safety",Moderate,Primarily live-action with occasional animated elements to highlight tools or processes.,High,High,Moderate-High,High,High,High
He-Man and the Masters of the Universe,4,TV,8-12,2 Seasons,,22 minutes,"Super Hero Themes, Positive Role Models, Entertainment, Responsibility, Morality, Adventure, Fantasy Elements, Mild Violent themes, Mild Fantasy Violence",Low to Moderate,Traditional 2D Animation with action-oriented designs. Color Palette: Bright and vivid colors with bold contrasts.,Moderate-High,High,Moderate-High,High,High,Moderate-High
Helper Cars,3,YouTube,2-5,,,,"Vehicle Themes, Teamwork, Colours, Shapes, Problem Solving, Vehicle Recognition, Entertainment, Mechanics",Low,3D CGI Animation with Bright Colors and Friendly Vehicle Characters,Low-Moderate,High,Moderate,High,High,Moderate-High
Hero Elementary,4,TV,4-8,2 Seasons,,26 minutes,"STEM, Super Hero Themes, Problem Solving, Teamwork, Emotional Intelligence, Curiosity, Critical Thinking, Science",High,2D Digital Animation with bright and colorful designs. Color Palette: Bright and vivid colors with emphasis on primary colors.,High,High,Moderate-High,High,High,Moderate
Hey Bear Sensory,5,YouTube,0-3,,,,"Early Childhood experiences, Sensory Exploration, Colours, Motor Skills, Music",Low,High-Contrast 3D Animation with Bright Colors and Simple Shapes,None,Moderate-High,High,Very-High (Repetative) ,High,High
Hey Duggee,4,TV,2-5,4 Seasons,,07 minutes (average),"Creativity & Imagination, Merit Reward systems, Teamwork, Problem Solving, Perseverance",High,"2D Digital Animation with simple, geometric shapes and bold outlines. Bright and bold colors with clear contrasts.",Moderate,Moderate-High,Moderate-High,High,High,Moderate
Horrid Henry,4,TV,6-10,6 Seasons,,11 minutes,"Creativity & Imagination, Cause and Effect, Morality, Humor, Entertainment, Mischievious Behaviour",Low to Moderate,2D Digital Animation with bold lines and exaggerated expressions. Color Palette: Bright and vivid colors with high contrast,High,High,Moderate-High,High,High,High
Hudson’s Playground,3,YouTube,3-8,,,,"Creativity & Imagination, Cultures & Traditions, Life Lessons, Farm Life, Machinery, Agriculture, Outdoor Exploration, Problem Solving, Family Relationships, Curiosity",Low to Moderate,Live-Action Family Videos,Moderate,Moderate-High,Moderate,Moderate,High,Moderate-High
If You Give a Mouse a Cookie(2015-present),3,TV,3-6,2 Seasons,,24 minutes,"Life Lessons, Cause and Effect, Creativity & Imagination, Problem Solving, Curiosity, Critical Thinking, Cognitive Development",Moderate,2D digital animation,Moderate,Moderate,Moderate,Moderate,Moderate,Moderate
In the Night Garden (07-09),1,TV,1-4,3 Seasons,,27 minutes,"Preschool-Basics, Sensory Exploration, Repetitive Learning, Motor Skills, Cognitive Development",Low,Live-action costume performances combined with CGI-enhanced environments,Low,Low,Low,Low,High,Low
It's a Big Big World,2,TV,3-6,2 Seasons,,27 minutes,"Enviromental Awareness, Science, Friendship, Nature, Ecosystems, Curiosity",Moderate,"Live-action puppetry with CGI backgrounds.Color Palette: Soft, natural colors with earthy tones.",Moderate,Low-Moderate,Low-Moderate,Moderate,Low,Moderate
Johnson & Friends,2,TV,3-6,4 Seasons,,10 minutes,"Creativity & Imagination, Friendship, Problem Solving, Teamwork",Moderate,Live action with costumed characters,Low-Moderate,Moderate,Low-Moderate,Moderate,Low,Moderate
JoJo & Gran Gran,2,TV,3-6,3 Seasons,,11 minutes,"Cultures & Traditions, Family Relationships, Family Values, Relatable Situations, Emotional Intelligence",Moderate,2D Digital Animation with a hand-drawn aesthetic.,Moderate,Low-Moderate,Low-Moderate,Moderate,Low,Moderate
Juf Roos,3,YouTube,2-6,,,,"Cultures & Traditions, Cultural Appreciation, Learning through Songs, Dutch Language, Language Learning, sing-a-long, Dance, Literacy, Music",Moderate,Live-Action with Colorful Costumes and Simple Sets,Moderate-High,Moderate,Moderate,High,Moderate,Moderate
JunyTony - Songs and Stories,4,YouTube,2-6,,,,"Creativity & Imagination, Learning from Mistakes, Learning through Songs, Cultures & Traditions, Cultural Appreciation, Literacy, Numeracy, sing-a-long, Dance, Phonics, Vocabulary, Music, Routine, Social-Emotional",High,2D Animation with Vibrant Colors and Cute Characters,High,High,High,Very-High,High,High
KarazahChannel,3,YouTube,3-8,,,,"Cultures & Traditions, Cultural Appreciation, Cultural & Social, Language Learning, Arabic Language Learning, Literacy, sing-a-long, Reading Comprehension, Music, Repetitive Learning",High,Mix of 3D CGI animations for the characters and settings,Moderate,Moderate,Moderate,Moderate-High,Moderate,Moderate
Katuri tv,3,YouTube,3-7,,,,"Nature, Family Relationships, Animals, Nature Sounds, Problem Solving, Social Development, Entertainment, Humor, Social-Emotional",Low,3D CGI animation with bright and vivid colors,Moderate,Moderate,Moderate,Moderate-High,Moderate,Low-Moderate
Kazwa and Bilal,1,TV,3-6,3 Seasons,,11 minutes,"Cultural Appreciation, Cultures & Traditions, Cultural & Social, Curiosity, Social-Emotional, Relatable Situations, Religion, Morality",Moderate,2D Digital Animation with bright and colorful designs. Color Palette: Bright and vivid colors with emphasis on primary colors.,Low,Moderate,Low-Moderate,Moderate-High,Moderate-High,Moderate
Kid-E-Cats,3,YouTube,3-6,,,,"Creativity & Imagination, Problem Solving, Friendship,  Emotional Intelligence, Conflict Resolution, Family Relationships, Family Values, Social-Emotional, Social Development, Relatable Situations",Low to Moderate,2D digital animation with a hand-drawn look. Bright and cheerful colors with simple backgrounds,High,Moderate,Moderate-High,High,Moderate,Moderate-High
Kids 2 kids,4,YouTube,5-10,,,,"Vehicle Themes, Learn Through Play, Creativity & Imagination, Social-Emotional, Humor, Outdoor Exploration, DIY Projects, Curiosity, Silly Comedy",Low,Live-Action Family Videos,Moderate-High,Low-Moderate,Low-Moderate,Moderate,Moderate,High
Kipper(1997-2000),1,TV,2-5,6 Seasons,,10 minutes,"Creativity & Imagination, Social-Emotional, Problem Solving, Friendship",Moderate,Traditional hand-drawn 2D animation,Low-Moderate,Low,Low-Moderate,Low,Moderate,Low
Kiri and Lou,1,TV,3-6,4 Seasons,,5 minutes,"Social-Emotional, Friendship, Nature, Emotional Intelligence, Mindfulness",Moderate,Stop-motion animation using clay and paper cutouts,Low-Moderate,Low,Low,Moderate,Low,Low
Laurie Berkner,3,YouTube,2-6,,,,"Learning through Songs, Physical Fitness, Early Childhood experiences, Music, sing-a-long, Social-Emotional, Literacy, Entertainment, Dance",Low to Moderate,Live-Action with Colorful Green Screen Animations,Mod-High (Singing),Moderate,Moderate,Very-High,Moderate,Moderate
Lazytown,5,TV,3-6,,,24 minutes,"Physical Fitness, Positive Role Models, Healthy Eating, Teamwork, Problem Solving, Exercise, Motor Skills, sing-a-long, Dance, Perseverance",High,"Combination of live-action, puppetry, and CGI elements. Color Palette: Bright and vivid colors with high contrast",High,High,High,High,High,High
Leo the Truck,5,YouTube,2-6,,,,"Preschool-Basics, Vehicle Themes, Colours, Shapes, Vehicle Recognition, Mechanics, Curiosity",Low to Moderate,3D CGI Animation with bright and vibrant colors. Color Palette: Bright and cheerful colors with high saturation.,Low-Moderate,Moderate-High,Moderate,High,High,Moderate
Leo the wild live ranger,5,YouTube,3-7,,,,"Wildlife Exploration, Wildlife Conservation, Animals, Animal Behaviour, Curiosity, Problem Solving, Nature, Natural World, Responsibility",Low to Moderate,3D CGI animation with detailed depictions of animals and environments.,High,Moderate,Moderate,Moderate-High,Moderate,Moderate-High
Les' Copaque Production - Upin & Ipin,3,YouTube,4-10,,,,"Cultural & Social, Learning from Mistakes, Cultures & Traditions, Cultural Appreciation, Morality, Responsibility, Relatable Situations, Family Relationships, Family Values, Social-Emotional, Emotional Intelligence",Moderate,3D CGI animation with vibrant colors and detailed environments reflecting Malaysian village life.,High,Moderate,Moderate,Moderate-High,Moderate,Moderate
LifeKids (Blinky’s Bible adventures),2,YouTube,Any,,,,"Religious Teachings, Cultures & Traditions, Cultural & Social, Cause and Effect, Life Lessons, Spiritual Development, Religion, Family Relationships, Relatable Situations, Social-Emotional, Morality, sing-a-long, Repetitive Learning, Dance",High,Combination of Live-Action and 2D Animation. Color Palette: Bright and primary colors.,Moderate,Low,Moderate,Moderate,Low,Low-Moderate
Listener Kids,2,YouTube,2-6,,,,"Learning through Songs, Cultures & Traditions, Cultural & Social, Spiritual Development, Faith, Biblical Stories, Religion, Christian Values, Morality, sing-a-long, Social Development, Positve Mindset",High,"Combination of live-action and animated elements, featuring colorful visuals and friendly characters.",High (Singing),Moderate,Moderate,Very-High,Moderate,Moderate
Little Angel,5,TV,1-4,1 Seasons,,03 minutes,"Preschool-Basics, Numeracy, Literacy, Routine, Social-Emotional, sing-a-long, Cognitive Development, Repetitive Learning",High,3D CGI animation with bright and vivid colors.,Moderate-High,High,Moderate-High,High,High,Moderate-High
Little Bear,1,TV,3-6,5 Seasons,,24 minutes,"Creativity & Imagination, Family Relationships, Social Development, Emotional Intelligence, Family Values",Low to Moderate,Traditional Hand-Drawn 2D animation,Moderate,Low,Low,Moderate,Low,Low
Little Einsteins (2005-2009),5,TV,3-6,2 Seasons,,24 minutes,"Cultural Appreciation, Music, Art, Problem Solving, Cognitive Development, Teamwork, History",High,digital 2D animation. CGI for the Rocket ship and certain elements.,High,High,High,Very-High,High,High
Llama Llama (2018-2019),2,TV,3-6,2 Seasons,,24 minutes,"Social-Emotional, Family Values, Problem Solving, Relatable Situations, Social Development, Emotional Intelligence",Moderate,Digital 2D animation,Moderate,Low,Low-Moderate,Moderate,Low,Low-Moderate
Lucas the spider(2021),3,TV,3-6,6 Seasons,,03-59+ minutes (compilation),"Overcoming Fears, Emotional Intelligence, Relatable Situations, Creativity & Imagination, Recurring Antagonist",Low,3D CGI animation,Low,Moderate,Moderate,Moderate,Moderate,Moderate
Lyla in the loop,3,TV,5-8,2 Seasons,,26 minutes,"Creativity & Imagination, STEM, Problem Solving, Motor Skills, Curiosity, Critical Thinking, Relatable Situations",High,2D digital animation with a hand-drawn look. Bright and cheerful colors with simple backgrounds.,Moderate-High,Moderate,Moderate,Moderate-High,Moderate,Moderate
Maddie's Do You Know?,3,TV,4-8,5 Seasons,,14 minutes,"STEM, Creativity & Imagination, Curiosity, Science, Technology, Exploration, Engineering Concepts, Critical Thinking, Problem Solving",High,Live-action educational series with some animation and CGI. Color Palette: Natural colors with bright visuals during explanations.,High,Moderate,Moderate,Moderate,Moderate,High
Maggie and the Ferocious Beast,2,TV,3-6,3 Seasons,,23 minutes,"Creativity & Imagination, Friendship, Problem Solving, Emotional Intelligence",Moderate,"2D Digital Animation with simple, childlike designs. Color Palette: Bright and pastel colors with minimal backgrounds.",Moderate,Low-Moderate,Moderate,Moderate,Low,Moderate
maizenofficial,4,YouTube,"7-12, 12+",,,,"Arts & Crafts, Creativity & Imagination, Building and Design, Entertainment, Humor, Problem Solving, Critical Thinking, MineCraft, Interactive Game Elements",Low,Real In Game Video Footage,High,High,Moderate-High,High,High,High
Marcus Level,5,TV,7-11,1 Season,,11 minutes,"Creativity & Imagination, Fantasy Elements, Problem Solving, Perseverance, Adventure, Teamwork, Critical Thinking, Mild Peril, Mild Fantasy Violence",Moderate,"2D Digital Animation with a video game aesthetic. Color Palette: Bright, vivid colors with high saturation",High,Very-High,High,High,Very-High,Very-High
Masha and the Bear,5,TV,3-7,5 Seasons,,07-59+ minutes,"Creativity & Imagination, Friendship, Problem Solving, Patience, Humor, Mischievious Behaviour",Low to Moderate,"3D CGI animation with high-quality, detailed visuals",Moderate,High,Moderate-High,High,High,High
Mickey Mouse Clubhouse,4,TV,2-5,4 Seasons,,24 minutes,"Early Childhood experiences, Preschool-Basics, Numeracy, Teamwork, Shapes, Cognitive Development",High,3D CGI animation,Moderate-High,High,High,High,High,Moderate-High
Miffy and friends,1,TV,2-5,3 Seasons,,05-55+ minutes,"Early Childhood experiences, Social-Emotional, Social Development, Teamwork, Emotional Intelligence",Moderate,"2D Stop-Motion Animation with Simple Designs, Emphasizes clear shapes and actions easily understood by young viewers.",Low,Low,Low-Moderate,Moderate,Low,Low
Milo,3,TV,3-6,2 Seasons,,11 minutes,"Cultural & Social, Career Exploration, Teamwork, Problem Solving, Responsibility, Curiosity",Moderate,2D Digital Animation with bright colors. Color Palette: Vibrant but not overwhelming.,Moderate,Moderate-High,Moderate,Moderate-High,High,Moderate
Minno - Bible Stories for Kids,3,YouTube,3-10,,,,"Religious Teachings, Positive Role Models, Spiritual Development, Cultures & Traditions, Cultural & Social, Biblical Stories, Faith, Religion, Christian Values, Morality, Positve Mindset",High,"Varies across series, primarily 2D and 3D animations with colorful visuals and relatable character designs.",Moderate-High,Moderate,Moderate,Moderate-High,Moderate,Moderate
Minuscule,1,YouTube,"2+, Any",,,,"Enviromental Awareness, Story Telling without Dialogue, Creativity & Imagination, Insect Behaviour, Nature, Nature Sounds, Entertainment, Humor, Relaxation, Music, Natural World, ASMR, Silly Comedy, Ecosystems, Slice of Life, Light Hearted",Low,Combination of CGI and Real-Life Backdrops,None,High,Low-Moderate,High,High,Moderate
"Mira, Royal Detective",4,TV,4-8,2 Seasons,,24 minutes,"Positive Role Models, Cultures & Traditions, Cultural Appreciation, Problem Solving, Critical Thinking, Mystery, Adventure, Curiosity",High,2D Digital Animation with Vibrant Colors,Moderate-High,Moderate-High,Moderate,Moderate,Moderate-High,Moderate-High
Miss Katie Sings,1,YouTube,2-6,,,,"Communiction & Expression, Cultural & Social, Learning through Songs, Music, sing-a-long, Positve Mindset, Social-Emotional, Courage, Mindfulness, Diversity, Politcal Leanings",Moderate,Live-Action Performances with Simple Props and Backgrounds,Moderate (Singing),Moderate,Moderate,Very-High,Moderate,Low
Miss Moni,3,YouTube,2-5,,,,"Learning through Songs, Preschool-Basics, Early Childhood experiences, Literacy, Numeracy, Vocabulary, Music, Language Learning, Phonics, sing-a-long, Cognitive Development, Auslan (Sign Language)",High,Live-Action and 2D Animation,Moderate-High,Moderate,Varies,High,Moderate,Low-Moderate
Miss Rachel,4,YouTube,1-4,,,,"Early Childhood experiences, Phonics, Language Learning, Speech Development, sing-a-long, Cognitive Development, Social-Emotional",High,Primarily live-action with Miss Rachel interacting directly with the audience. Some Puppet and 2D Animation use,High,Low-Moderate,Moderate,High,Low-Moderate,Low-Moderate
Mister Maker,2,TV,3-7,3 Seasons,,19 minutes,"Positive Role Models, Creativity & Imagination, Arts & Crafts, Curiosity, Motor Skills, Art, Colours",High,Live-Action with colorful crafts and animated segments. Color Palette: Bright and varied colors.,Moderate-High,High,Moderate-High,High,High,Moderate
Mister Rogers' Neighbourhood,1,TV,3-7,31 Seasons,,28 minutes,"Cultural & Social, Elementary-Basics, Life Lessons, Social-Emotional, Social Development, Literacy, Emotional Intelligence, Relatable Situations, Relaxation, Community Service, Problem Solving, Critical Thinking, Family Values, sing-a-long, Morality, Friendship, Creativity & Imagination",High,"Live-Action with puppet segments. Color Palette: Soft, natural colors.",Moderate,Low,Low-Moderate,Moderate,Low,Low
Molly of Denali,3,TV,4-8,4 Seasons,,26 minutes,"STEM, Cultures & Traditions, Cultural & Social, Cultural Appreciation, Problem Solving, Adventure, Exploration, Nature, Natural World, Mystery",High,2D Digital Animation with cultural representation. Color Palette: Bright colors reflecting Alaskan landscapes.,Moderate-High,Moderate,Moderate,Moderate,Moderate-High,Moderate
Moominvalley,2,TV,6-10,3 Seasons,,22 minutes,"Creativity & Imagination, Social-Emotional, Friendship, Fantasy Elements, Emotional Intelligence, Relaxation",Moderate,3D CGI Animation with a soft aesthetic. Color Palette: Pastel colors and gentle hues.,Moderate,Moderate,Low-Moderate,Moderate,Low-Moderate,Moderate
Moon and Me,1,TV,1-4,1 Season,,22 minutes,"Early Childhood experiences, Preschool-Basics, Creativity & Imagination, Social-Emotional",Moderate,"Stop-Motion Animation with soft toys. Color Palette: Soft, soothing colors.",Low-Moderate,Low,Low,Moderate,Low,Low
Mother goose club,4,YouTube,2-5,,,,"Preschool-Basics, Learning through Songs, Creativity & Imagination, Literacy, Numeracy, Language Learning, Speech Development, sing-a-long, Dance, Music, Cognitive Development",High,Live-Action with Colorful Costumes and Simple Sets,High,Moderate,Moderate,Very-High,Moderate,Moderate
Mr Bean Cartoon,4,TV,6-10,5 Seasons,,11 minutes,"Creativity & Imagination, Humor, Entertainment, Problem Solving, Mischievious Behaviour",Low,2D Digital Animation with exaggerated expressions. Color Palette: Bright colors with bold contrasts.,Low-Moderate,High,Moderate-High,High,High,High
"Mr. Monkey, Monkey Mechanic",3,TV,3-6,2 Seasons,,5 minutes (average),"Creativity & Imagination, STEM, Mechanics, Problem Solving, Engineering Concepts",Moderate,2D Digital Animation with bright colors. Color Palette: Vibrant and engaging.,Low-Moderate,Moderate-High,Moderate,High,High,Moderate
MyGoSignLanguageforKids-ASL,3,YouTube,0-5,,,,"Memory Exercises, American Sign Language, Communiction & Expression, Deaf Community, Visual Demonstrations, Language Learning, Cognitive Development, Motor Skills, Literacy",High,Live-action demonstrations combined with animated segments to illustrate signs and concepts effectively.,High,Moderate,Moderate,High,Moderate,Moderate
Nanalan,1,YouTube,2-5,,,,"Early Childhood experiences, Creativity & Imagination, Preschool-Basics, Communiction & Expression, Vocabulary, Social-Emotional, Social Development, Relatable Situations",Moderate,"Puppet-based animation with simple sets and characters, creating a unique and engaging visual experience",Moderate,Low-Moderate,Low-Moderate,Moderate,Low-Moderate,Low
Nick Cope's Popcast,3,TV,3-6,3 Seasons,,02-07 minutes,"Communiction & Expression, Creativity & Imagination, Social-Emotional, Emotional Intelligence, sing-a-long, Dance, Music",High,Live-action educational series with some animation and CGI. Color Palette: Natural colors with bright visuals during explanations.,Moderate,Moderate,High,High,Moderate,Moderate
Ninja Kids,5,YouTube,5-12,,,,"Super Hero Themes, Creativity & Imagination, Positive Role Models, Physical Fitness, Exercise, Adventure, Entertainment, Skit Comedy, Choreographed Action Scenes, Outdoor Exploration, Courage, Confidence Building, Martial Arts, Mild Violent themes, Mischievious Behaviour",Moderate,Live-action videos with dynamic editing and occasional special effects to enhance the viewing experience.,High,High,High,High,High,High
Ninjago,5,TV,7-12,4 Seasons,,22 minutes,"Complex & Emotional Themes, Teamwork, Perseverance, Courage, Problem Solving, Morality, Entertainment, Mild Fantasy Violence, Mild Violent themes",Low to Moderate,3D CGI Animation with Detailed and Dynamic Visuals,High,Very-High,High,High,Very-High,Very-High
Noddy Original Series (1998),2,TV,3-6,2 Seasons,,10 minutes,"Friendship, Problem Solving, Adventure, Social-Emotional, Social Development",Low to Moderate,Stop-Motion with simple models. Color Palette: Bright but soft colors.,Low-Moderate,Low-Moderate,Moderate,Low-Moderate,Low-Moderate,Low
"Noddy, Toyland Detective (2016)",4,TV,4-7,,,11 minutes,"Friendship, Problem Solving, Adventure, Social-Emotional, Social Development",Low to Moderate,3D CGI animation with bright and vivid colors,High,Moderate-High,High,High,High,Moderate-High
Noodle & Pals,3,YouTube,2-5,,,,"Preschool-Basics, Social-Emotional, Language Learning, Cognitive Development, Music, Literacy, Numeracy",High,2D digital animation with a hand-drawn look. Bright and cheerful colors with simple backgrounds,Moderate-High,Moderate,Moderate,Very-High,Moderate,Moderate
Noodle and Bun,5,YouTube,3-8,,,,"Story Telling without Dialogue, Creativity & Imagination, Humor, Silly Comedy, Captivating Visuals, Friendship, Animals",Low,3D CGI Animation with Detailed and Dynamic Visuals,None,Moderate-High,Moderate,High,Moderate-High,Moderate
Numberblocks (2017-present),3,TV,3-6,7 Seasons,,5 minutes,"Elementary-Basics, Numeracy, Problem Solving, Math, Repetitive Learning",High,3D CGI animation,Moderate,Moderate,Moderate,Moderate,Moderate,Moderate
Odd Squad,5,TV,6-10,3 Seasons,,27 minutes,"STEM, Math, Numeracy, Teamwork, Critical Thinking, Problem Solving",High,Combination of live-action and CGI animation.,High,High,High,High,High,High
Oggy and the Cockroaches,5,TV,6-10,7 Seasons,,7 minutes,"Creativity & Imagination, Humor, Problem Solving, Entertainment, Slapstic Comedy, Mischievious Behaviour",Low to Moderate,2D Digital Animation with exaggerated and dynamic character movements.,None,Very-High,High,High,Very-High,Very-High
Olivia,3,TV,3-6,2 Seasons,,22 minutes,"Creativity & Imagination, Social-Emotional, Problem Solving, Teamwork, Perseverance",Moderate,3D CGI Animation with a unique visual style resembling charcoal drawings with splashes of color.,Moderate,Low-Moderate,Moderate,Moderate,Low-Moderate,Moderate
Omar and hana,3,TV,3-7,5 Seasons,,5 minutes,"Cultural & Social, Cultures & Traditions, Religion, Family Values, Morality, Emotional Intelligence, sing-a-long, Relatable Situations, Family Relationships",High,2D Digital Animation with bright colors. Color Palette: Vibrant but not overwhelming.,Moderate-High,Moderate,Moderate,Moderate-High,Moderate,Moderate
One Piece,5,TV,12+,1500+ Episodes,,24 minutes,"Cultures & Traditions, Creativity & Imagination, Complex & Emotional Themes, Teamwork, Perseverance, Morality, Entertainment, Humor, Slapstic Comedy, Emotional Intelligence, Friendship, Social-Emotional, Adventure, Mild Violent themes, Mild Fantasy Violence, Mild Peril, Mild Mature Themes",Moderate,"Traditional 2D Animation with a distinctive anime style, featuring exaggerated expressions, dynamic action sequences, and detailed environments.",High,High,Moderate-High,High,High,Moderate-High
Oswald,2,TV,3-6,1 Season,,24 minutes,"Friendship, Problem Solving, Social-Emotional, Social Development, Critical Thinking, Conflict Resolution, Emotional Intelligence, Relatable Situations, Family Relationships",High,2D digital animation,Moderate,Low,Low-Moderate,Moderate,Low,Low-Moderate
Out of the Box,3,TV,3-7,3 Seasons,,25 minutes,"Creativity & Imagination, Arts & Crafts, Music, Motor Skills, Social-Emotional, Colours, Shapes, Art",High,Live-action with real actors.,Moderate-High,Moderate,Moderate,High,Low-Moderate,Moderate
Pajanimals,2,TV,2-5,2 Seasons,,11 minutes,"Overcoming Fears, Bedtime Routines, Social-Emotional, Relaxation, Family Relationships, Emotional Intelligence",Moderate,Live-action puppetry with colorful characters.,Moderate,Low-Moderate,Low-Moderate,High,Low,Low-Moderate
Paw patrol,5,TV,3-6,11 Seasons,,22 minutes,"Community Service, Teamwork, Problem Solving, Courage",Low,3D CGI animation,High,Very-High,High,High,High,High
Peg+Cat,3,TV,4-7,3 Seasons,,11 minutes,"Math, Problem Solving, Critical Thinking, Adventure, Perseverance",High,"2D Digital Animation with a hand-drawn, sketch-like aesthetic.",High,Moderate,Moderate,High,Moderate,Moderate
Peppa pig (2004-present),2,TV,2-5,8 Seasons,,5 minutes,"Social-Emotional, Family Relationships, Friendship, Routine, Social Development, Relatable Situations, Tantrums, Mischievious Behaviour",Moderate,"2D Digital Animation with simple, flat designs. Bright but pastel-like colors with minimal shading.",Moderate,Low-Moderate,Moderate,Moderate,Low,Moderate
Pete The Cat,2,TV,3-7,2 Seasons,,14 minutes,"Creativity & Imagination, Music, Emotional Intelligence, Problem Solving",Moderate,2D Digital animation with a hand-drawn look,Moderate,Low-Moderate,Low-Moderate,High,Low,Moderate
Peter Rabbit(2012-2016),3,TV,4-8,2 Seasons,,12 minutes,"Enviromental Awareness, Adventure, Problem Solving, Nature, Teamwork, Courage",Moderate,3D CGI animation,Moderate,Moderate-High,Moderate,Moderate,Moderate,Moderate
Phineas and Ferb,5,TV,8-12,6 Seasons,,22 minutes,"STEM, Creativity & Imagination, Problem Solving, Curiosity, Adventure, Humor, Family Relationships, Entertainment, Engineering Concepts, Mischievious Behaviour",Low,"2D Digital Animation with stylized, geometric designs. Bright and vivid colors with detailed backgrounds.",High,High,Moderate-High,High,High,High
Pingu,1,TV,2-5,6 Seasons,,5 minutes,"Social-Emotional, Family Relationships, Emotional Intelligence, Mischievious Behaviour",Low,Traditional Stop-Motion (claymation),None,Low,Low-Moderate,Low-Moderate,Low-Moderate,Low
Pinkalicious & Peterrific,4,TV,3-6,6 Seasons,,26 minutes,"Creativity & Imagination, Art, Music, Problem Solving, Teamwork, Motor Skills",High,"2D digital animation with bright colors and exaggerated, stylized designs. Bright and vivid colors with high contrast.",High,High,High,High,High,High
Pip and Posy,3,TV,2-5,2 Seasons,,7 minutes,"Cause and Effect, Friendship, Social-Emotional, Problem Solving, Emotional Intelligence, Conflict Resolution, Relatable Situations, Social Development",Moderate,3D CGI animation delivered slowly and smoothly,Moderate,Moderate,Moderate,Moderate,Moderate,Moderate
Pipi Mā,3,YouTube,2-6,,,,"Te reo Māori language development, Cultures & Traditions, Cultural Appreciation, Māori immersion preschool, Cultural & Social, Numeracy, Literacy, Traditional Narratives, sing-a-long",High,2D Animation with Cultural Themes and Soft Colors,Moderate-High,Moderate,Moderate,Moderate,Moderate,Low-Moderate
PJ Masks,5,TV,3-6,6 Seasons,,11 minutes,"Super Hero Themes, Creativity & Imagination, Entertainment, Morality, Social Development, Social-Emotional",Low to Moderate,3D CGI Animation with bright and vibrant colors. Color Palette: Bright and cheerful colors with high saturation.,High,Very-High,High,High,Very-High,Very-High
Planet earth,3,TV,8+,1 Season,,50 minutes,"Enviromental Awareness, Natural World, Nature, Natural History, Wildlife Exploration, Science, Realistic Depictions of Nature",Low to Moderate,Live-action nature documentary with high-definition footage. Natural colors showcasing diverse ecosystems.,Low-Moderate,Moderate,Moderate,High,Low-Moderate,Moderate
Play School,2,TV,2-5,59 Seasons,,25 minutes,"Creativity & Imagination, Preschool-Basics, Numeracy, Literacy, Shapes, Colours, Social-Emotional, Problem Solving, sing-a-long",High,Live-action with real actors.,Moderate,Low-Moderate,Moderate,Moderate-High,Low-Moderate,Moderate
Pocoyo,3,TV,2-4,5 Seasons,,7 minutes,"Creativity & Imagination, Cultural & Social, Language Learning, Social-Emotional, Problem Solving, Teamwork, Emotional Intelligence, Curiosity, Cognitive Development",High,3D CGI animation delivered slowly and smoothly,Low,Moderate,Moderate,Moderate,Moderate,Low-Moderate
Pokemon,5,TV,7-12,25 Seasons,,22 minutes,"Enviromental Awareness, Overcoming Fears, Friendship, Teamwork, Wildlife Exploration, Entertainment, Humor, Exploration, Perseverance, Mild Fantasy Violence",Low,traditional and Digital hand-drawn 2D animation. Anime style,High,High,High,High,High,High
Postman Pat (1981–2008),2,TV,3-6,9 Seasons,,15 minutes,"Community Service, Problem Solving, Responsibility, Teamwork, Entertainment",Low,Traditional Stop-Motion animation,Moderate,Low-Moderate,Low-Moderate,Moderate,Low-Moderate,Low-Moderate
Postman Pat: Special Delivery Service (2008–2017),4,TV,3-6,,,15 minutes,"Community Service, Problem Solving, Responsibility, Teamwork, Entertainment",Low,3D CGI animation,Moderate-High,Moderate-High,High,High,High,High
Puffin Rock,1,TV,2-5,2 Seasons,,7 minutes,"Enviromental Awareness, Nature, Wildlife Exploration, Family Relationships, Problem Solving",Moderate,Digital 2D animation,Low,Low,Low,Low-Moderate,Low,Scene Frequency
Puppy Dog Pals,4,TV,3-6,5 Seasons,,11 minutes,"Creativity & Imagination, Adventure, Problem Solving, Teamwork, Social-Emotional",Moderate,3D CGI animation with bright and vivid colors.,High,High,High,High,High,Low
Raa Raa the Noisy Lion,3,TV,2-5,3 Seasons,,10 minutes,"Communiction & Expression, Social-Emotional, Social Development, Friendship, Problem Solving, Emotional Intelligence",Moderate,3D CGI Animation with a soft aesthetic. Color Palette: Pastel colors and gentle hues.,Moderate-High,Moderate-High,Moderate,Moderate,High,High
Rainbow Ruby,5,YouTube,3-7,,,,"Creativity & Imagination, Career Exploration, Curiosity, Emotional Intelligence, Fantasy Elements, Problem Solving, Social-Emotional",Low to Moderate,3D CGI Animation with bright and vibrant colors. Color Palette: Bright and cheerful colors with high saturation.,High,High,Moderate-High,High,High,High
Rapunzel's Tangled Adventure,5,TV,6-10,3 Seasons,,22 minutes,"Creativity & Imagination, Life Lessons, Overcoming Fears, Adventure, Courage, Friendship, Emotional Intelligence, Problem Solving, Perseverance, Mild Intense Scenes",Moderate,"2D digital animation with bright colors and exaggerated, stylized designs. Bright and vivid colors with high contrast.",High,Very-High,High,High,Very-High,Moderate
RC Action Channel,2,YouTube,"2+, Any",,,,"Engineering Concepts, Vehicle Themes, Vehicle Recognition, Machinery, Relaxation, Entertainment, Hobbies, Mechanics",Low,Live-action footage of RC vehicles in operation,Low-Moderate,High,Moderate-High,High,High,Moderate-High
Reading rainbow,2,TV,5-9,16 Seasons,,28 minutes,"Cultural & Social, Cultural Appreciation, Life Lessons, Positive Role Models, Creativity & Imagination, Social-Emotional, Literacy, Curiosity",High,Combination of Live-Action and 2D Animation. Color Palette: Bright and primary colors.,Moderate,Low-Moderate,Moderate,Moderate,Low-Moderate,High
"Ready, Steady, Wiggle!",5,TV,1-4,6 Seasons,,11 minutes,"Physical Fitness, Elementary-Basics, sing-a-long, Dance, Music, Friendship, Motor Skills, Repetitive Learning, Entertainment, Numeracy, Literacy, Social-Emotional",High,Live-Action with Bright Colors and Simple Settings,High,High,High,Very-High,High,Moderate
Reef School,2,TV,3-6,2 Seasons,,7 minutes,"Enviromental Awareness, Ecosystems, Marine Bioligy, Curiosity, Social Development, Emotional Intelligence, Wildlife Conservation, Natural World, Teamwork",High,2D Digital Animation with a watercolor aesthetic. Color Palette: Soft and natural colors with pastel hues.,Moderate,Low-Moderate,Moderate,Moderate,Low-Moderate,High
Rhyme Time Town,3,TV,3-6,2 Seasons,,24 minutes,"Language Learning, Literacy, sing-a-long, Cognitive Development, Social-Emotional, Repetitive Learning, Music",High,3D CGI Animation with extremely bright and vivid colors.,Moderate-High,Moderate,Moderate-High,High,Moderate,Low-Moderate
Robocar Poli,5,TV,3-6,4 Seasons,,11 minutes,"Cultural & Social, Safety, Teamwork, Problem Solving, Adventure, Community Service, Social Development, Social-Emotional",Moderate,3D CGI Animation with detailed and dynamic visuals.,High,High,High,High,High,Moderate-High
Rolie Polie Olie,3,TV,3-6,6 Seasons,,22 minutes,"Creativity & Imagination, Friendship, Problem Solving, Adventure, Social-Emotional, Critical Thinking",Moderate,3D CGI Animation,Moderate,Moderate,Moderate,Moderate,Moderate-High,High
Rosie & Jim,2,TV,3-6,8 Seasons,,10 minutes,"Preschool-Basics, Creativity & Imagination, Repetitive Learning, Language Learning, sing-a-long, Problem Solving, Curiosity",Moderate,Live-action puppetry with colorful characters.,Moderate,Low-Moderate,Moderate,Moderate,Low-Moderate,Moderate
Rosie's Rules,3,TV,4-8,1 Season,,26 minutes,"Elementary-Basics, Social-Emotional, Problem Solving, Family Relationships, Responsibility, Teamwork, Social Development, Family Values, Emotional Intelligence",High,2D digital animation with a hand-drawn look. Bright and cheerful colors with simple backgrounds.,Moderate-High,Moderate,Moderate-High,High,Moderate,Low-Moderate
Rugrats,3,TV,4-8,9 Seasons,,22 minutes,"Creativity & Imagination, Social Development, Social-Emotional, Relatable Situations, Emotional Intelligence, Problem Solving, Mischievious Behaviour",Low to Moderate,"Traditional 2D hand-drawn animation with a distinctive, sketchy style. Muted and earthy tones, reflecting a somewhat realistic environment.",Moderate-High,Moderate,Moderate,Moderate,Moderate,Moderate-High
Rugrats (2021 Reboot),4,TV,4-8,,,23 minutes,"Creativity & Imagination, Social Development, Social-Emotional, Relatable Situations, Emotional Intelligence, Problem Solving, Mischievious Behaviour",Low to Moderate,3D CGI animation,High,High,Moderate-High,Moderate-High,Moderate-High,Moderate
Ryan's World,5,YouTube,0-5,,,,"Science, Creativity & Imagination, Learn Through Play, STEM, Geography, Numeracy, Unboxing Videos, Entertainment, Humor, Silly Comedy, Family Relationships, Family Values, Teamwork, Toy Review",Moderate,"Live-Action with Bright Colors, High Energy, and Occasional Animations",High,High,Moderate-High,High,High,High
"Sagwa, the Chinese Siamese Cat",3,TV,4-8,1 Season,,24 minutes,"Cultural Appreciation, Cultures & Traditions, Cultural & Social, Friendship, Problem Solving, Family Values",Moderate,Traditional 2D animation with a hand-drawn look.,Moderate,Moderate,Moderate,Moderate,Moderate,High
Sarah and Duck,1,TV,3-6,3 Seasons,,7 minutes,"Creativity & Imagination, Friendship, Problem Solving, Relatable Situations, Social-Emotional",Low to Moderate,2D Digital animation with a hand-drawn look,Low-Moderate,Low,Low,Moderate,Low,Moderate
"Scooby-Doo, Where Are You! (1969–1970)",4,TV,7-12,3 Seasons,,22 minutes,"Problem Solving, Teamwork, Mystery, Entertainment, Humor, Critical Thinking, Mild Peril, Mild Fantasy Violence",Low,traditional hand-drawn 2D animation,Moderate,Moderate-High,Moderate-High,High,Moderate-High,Low
Sea of love,2,TV,3-6,1 Season,,13 minutes,"Enviromental Awareness, Teamwork, Marine Bioligy, Wildlife Conservation, Friendship, Natural World, Responsibility, Social-Emotional, Problem Solving",Moderate,"3D CGI Animation with stylized and colorful designs. Bright but not overly saturated colors, with a focus on vibrant settings.",Moderate,Low-Moderate,Moderate,Moderate,Low-Moderate,Moderate
Sesame Street (1969-present),1,TV,2-5,54 Seasons,,30 minutes,"Preschool-Basics, Cultural & Social, STEM, Elementary-Basics,  Cultures & Traditions, Social Development, Routine, Motor Skills, Emotional Intelligence",High,Various Art Styles,Moderate,Low-Moderate,Moderate,High,Low,Low-Moderate
Shaun the Sheep,3,TV,6-10,6 Seasons,,7 minutes,"Creativity & Imagination, Problem Solving, Teamwork",Low,Traditional Stop-Motion (claymation) digital enhancements may be used for post-production,None,Moderate,Moderate,Moderate,Moderate,Moderate
Sid the Science Kid,3,TV,4-7,4 Seasons,,26 minutes,"STEM, Critical Thinking, Problem Solving, Science, Motor Skills, Relatable Situations, Curiosity",High,3D CGI Animation with Motion Capture,High,Moderate-High,Moderate-High,High,Moderate-High,High
Silly Miss Lily (Paisley's Corner),3,YouTube,2-5,N/A,,N/A,"Positive Engaging Screen-Time, Preschool-Basics, Numeracy, Colours, Shapes, Social-Emotional, sing-a-long, Literacy",High,Live-Action with Bright Colors and Props,Moderate-High,Moderate,Moderate,Moderate-High,Moderate,Moderate
Simon,2,TV,3-6,8 Seasons,,5 minutes,"Friendship, Family Relationships, Emotional Intelligence, Social-Emotional, Problem Solving, Relatable Situations",Moderate,2D digital animation with a hand-drawn look. Bright and cheerful colors with simple backgrounds.,Moderate,Low-Moderate,Moderate,Moderate,Low,Moderate-High
Something Special: Hello Mr Tumble,2,TV,2-6,1 Season,,20 minutes,"Early Childhood experiences, Social-Emotional, Emotional Intelligence, Language Learning, Makaton Sign Language, Learning Disabilities",High,Live-Action with Bright Colors and Simple Settings,Moderate,Low-Moderate,Moderate,Moderate,Low-Moderate,Moderate
Sonic the Hedgehog,5,TV,7-12,2 Seasons,,22 minutes,"Friendship, Teamwork, Perseverance, Entertainment, Humor, Courage, Adventure, Mild Fantasy Violence",Low to Moderate,3D CGI Animation with detailed and dynamic visuals.,High,Very-High,High,High,Very-High,Low-Moderate
Spanish with liz,3,YouTube,0-5,,,,"Cultures & Traditions, Cultural & Social, Learning through Songs, Spanish Language, Language Learning, Music, Vocabulary, Phonics, Emotional Intelligence, Routine, Healthy Eating",High,Live-Action with Educational Props and Colorful Backgrounds,High,Moderate,Moderate,High,Moderate,Low-Moderate
Spidey and his amazing friends (2021-present),5,TV,3-7,3 Seasons,,24 minutes,"Super Hero Themes, Positive Role Models, Teamwork, Responsibility, Entertainment, Mischievious Behaviour, Mild Peril",Low,3D CGI,High,High,High,Very-High,High,Very-High
Spirit Riding Free,3,TV,6-10,8 Seasons,,23 minutes,"Friendship, Responsibility, Perseverance, Adventure, Horses, Mild Intense Scenes",Low to Moderate,3D CGI Animation,Moderate-High,Moderate,Moderate,Moderate,Moderate,High
SpongeBob SquarePants,5,TV,6-12,15 Seasons,,11 minutes,"Creativity & Imagination, Humor, Friendship, Problem Solving, Entertainment, Surreal Imagery, Mild Intense Scenes",Low to Moderate,Traditional 2D animation with expressive and exaggerated character designs. Bright and vivid colors with high contrast.,High,Very-High,Moderate-High,High,High,Moderate
Star Wars: Young Jedi Adventures,4,TV,4-8,2 Seasons,,24 minutes,"Cause and Effect, Cultures & Traditions, Positive Role Models, Entertainment, Courage, Adventure, Conflict Resolution, Friendship, Teamwork, Responsibility, Fantasy Elements, Morality, Mild Intense Scenes, Mild Fantasy Violence",Moderate,3D CGI Animation with detailed and dynamic visuals.,High,High,Moderate-High,High,High,High
Stella and Sam,2,TV,3-6,2 Seasons,,22 minutes,"Creativity & Imagination, Problem Solving, Exploration, Emotional Intelligence, Curiosity, Family Relationships, Social-Emotional, Social Development, Natural World",Moderate,2D Digital Animation with a watercolor aesthetic. Color Palette: Soft and natural colors with pastel hues.,Moderate,Low-Moderate,Moderate,Moderate,Low-Moderate,High
Steve and Maggie,3,YouTube,2-6,,,,"Every Day Concepts, Preschool-Basics, Creativity & Imagination, Language Learning, Vocabulary, Phonics, Repetitive Learning, Literacy, Social Development, Social-Emotional, Cognitive Development",High,Live-Action with Puppet Interaction and Simple Animations,High,High,Moderate,High,High,Moderate
Stick man,3,TV,3-7,3 Seasons,,27 minutes,"Family Values, Perseverance, Family Relationships, Courage, Social-Emotional, Mild Peril",Moderate,3D CGI animation delivered slowly and smoothly,Moderate,Moderate,Moderate,High,Moderate,Low-Moderate
Stillwater (2020-present),2,TV,4-8,3 Seasons,,23 minutes,"Life Lessons, Mindfulness, Emotional Intelligence, Problem Solving, Social-Emotional, Conflict Resolution",High,Mix of 3D CGI animations for the characters and settings,Low-Moderate,Low,Low,Moderate,Low,Moderate-High
Story Time Book: Read-Along,2,TV,3-7,1 Season,,5 minutes,"Creativity & Imagination, Literacy, Language Learning, Reading Comprehension, Cognitive Development, Repetitive Learning",High,Illustrations or Minimal Animation,Moderate,Low-Moderate,Moderate,Moderate,Low-Moderate,Low
Storybots,4,TV,3-6,3 Seasons,,25 minutes,"STEM, Literacy, Reading Comprehension, Problem Solving, Curiosity, Social Development, Critical Thinking",High,Combination of 2D and 3D Animation with Mixed Media,High,High,High,High,High,Low
Super Monsters,4,TV,3-6,3 Seasons,,23 minutes,"Cultural & Social, Creativity & Imagination, Social-Emotional, Friendship, Emotional Intelligence, Self Discipline, Problem Solving, Social Development, Entertainment",Moderate,3D CGI animation with bright and vivid colors,Moderate-High,Moderate,Moderate,Moderate-High,Moderate,High
SUPER SIMPLE SONG,4,YouTube,2-5,,,,"Preschool-Basics, Learning through Songs, Story Telling without Dialogue, Literacy, Numeracy, Shapes, Colours, sing-a-long, Social Development, Social-Emotional, Dance, Motor Skills, Language Learning, Cognitive Development, Music, Vocabulary",High,2D and 3D Animation with Bright Colors and Simple Characters,Mod-High (Singing),Moderate,Moderate,Very-High,Moderate,Low-Moderate
Super Why!,3,TV,3-6,3 Seasons,,26 minutes,"Elementary-Basics, Numeracy, Literacy, Problem Solving",High,3D CGI animation with bright colors and clear designs. Bright and vivid colors focused on storybook settings.,High,Moderate,Moderate,Moderate,Moderate,Moderate
Superbook,4,TV,6-10,5 Seasons,,25 minutes,"Cultures & Traditions, Cultural Appreciation, Cause and Effect, Positive Role Models, Religion, Morality, History, Literacy, Courage, Repetitive Learning",Moderate,3D CGI Animation with Detailed and Dynamic Visuals,High,High,High,High,High,Moderate
Superkitties,5,TV,3-6,2 Seasons,,11 minutes,"Super Hero Themes, Teamwork, Problem Solving, Responsibility, Adventure, Entertainment, Friendship",Low to Moderate,3D CGI Animation,High,High,High,High,High,High
Superworm,3,TV,3-6,,,25 minutes,"Friendship, Teamwork, Nature, Social Development",Moderate,3D CGI animation with detailed textures and natural settings. Earthy tones with vivid highlights.,Moderate,Moderate,Moderate,Moderate,Moderate,High
Takaro Tribe,2,TV,3-6,3 Seasons,,5 minutes,"Cultures & Traditions, Cultural & Social, Cultural Appreciation, Religion, Literacy, History, Music, Routine, Repetitive Learning, Social-Emotional, Language Learning",High,"2D Digital Animation with simple, flat designs. Bright but pastel-like colors with minimal shading.",Moderate,Low-Moderate,Moderate,High,Low-Moderate,Moderate
Tangled: Before Ever After,5,TV,3-6,3 Seasons,,55 minutes,"Overcoming Fears, Adventure, Friendship, Courage, Social Development, Perseverance, Fantasy Elements, Responsibility, Nature, Mild Peril, Mild Intense Scenes",Moderate,2D digital animation,High,Very-High,High,High,Very-High,Low-Moderate
Tayo the Little Bus,4,YouTube,3-6,,,,"Vehicle Themes, Vehicle Recognition, Social Development, Teamwork, Problem Solving, Community Service, Responsibility, Entertainment, Social-Emotional",Low to Moderate,3D CGI Animation with bright and vibrant colors. Color Palette: Bright and cheerful colors with high saturation.,High,Moderate,Moderate,Moderate-High,Moderate,Moderate
Team Umizoomi,4,TV,3-6,5 Seasons,,23 minutes,"STEM, Math, Problem Solving, Critical Thinking, Teamwork, Numeracy, Shapes",High,3D CGI animation with bright and vivid colors,High,High,High,High,High,High
Teen Titans Go!,5,TV,8-12,9 Seasons,,11 minutes,"Super Hero Themes, Humor, Teamwork, Friendship, Adventure, Entertainment, Surreal Imagery, Mild Mature Themes",Low,"2D digital animation with bright colors and exaggerated, stylized designs. Bright and vivid colors with high contrast.",High,Very-High,Moderate-High,High,High,High
Teletubbies (2015-2018),3,TV,1-4,,,12 minutes,"Creativity & Imagination, Social-Emotional, Repetitive Learning, Sensory Exploration, Routine, Bedtime Routines",Low,Live action costumed. some digital elements ,Low,Low-Moderate,Low,Moderate,Low,High
Teletubbies (1997-2001),2,TV,1-4,2 Seasons,,24 minutes,"Creativity & Imagination, Social-Emotional, Repetitive Learning, Sensory Exploration, Routine, Bedtime Routines",Low,Live action costumed. some digital elements ,Low,Low,Low,Low-Moderate,Low,Low
The Adventures of Abney & Teal,1,TV,3-6,2 Seasons,,11 minutes,"Creativity & Imagination, Problem Solving, Social-Emotional, Nature",Moderate,Stop-motion animation with hand-crafted models.,Low-Moderate,Low,Low-Moderate,Moderate,Low,Low
The Adventures of Paddington (2019),3,TV,4-8,3 Seasons,,11 minutes,"Cultural & Social, Emotional Intelligence, Problem Solving, Family Values, Social Development, Family Relationships",Moderate,3D CGI animation,Moderate,Moderate-High,Moderate,High,Moderate,Low-Moderate
The Adventures of Paddington Bear Original Series (1997–2000),2,TV,4-8,3 Seasons,, 23 minutes,"Cultural Appreciation, Friendship, Emotional Intelligence, Social-Emotional, Problem Solving",Moderate,Traditional 2D hand-drawn animation with a unique style combining stop-motion elements.,Moderate,Low-Moderate,Moderate,Moderate,Low,Moderate
The Adventures of Teddy Ruxpin,3,TV,5-8,1 Season,,22 minutes,"Life Lessons, Friendship, Adventure, Problem Solving, Morality, Fantasy Elements, Perseverance, Courage, Social-Emotional, Mild Peril",Moderate,"Traditional 2D hand-drawn animation with detailed illustrations. Soft, pastel colors with a focus on everyday environments.",Moderate,Moderate,Moderate,Moderate,Moderate,Moderate
The adventures of the gummi bears,4,TV,6-10,6 Seasons,,22 minutes,"Overcoming Fears, Adventure, Friendship, Fantasy Elements, Problem Solving, Courage, Perseverance, Mild Violent themes",Moderate,Traditional 2D Anime-style Animation.,High,High,Moderate-High,High,High,Moderate
The Backyardigans,3,TV,3-6,4 Seasons,,24 minutes,"Communiction & Expression, Creativity & Imagination, Teamwork, Music, Problem Solving, Social-Emotional",High,3D CGI Animation with bright and vibrant colors. Color Palette: Bright and cheerful colors with high saturation.,Moderate-High,Moderate-High,Moderate-High,High,Moderate-High,High
The Bear Construction,3,YouTube,3-7,,,,"Vehicle Themes, Engineering Concepts, Story Telling without Dialogue, Construction, Teamwork, Problem Solving, Machinery, Vehicle Recognition, Entertainment, Curiosity, ASMR",Low,3D CGI animation with detailed depictions of construction sites and machinery,None,Very-High,Low,Low,Very-High,Moderate-High
The Bernstein Bears,2,TV,4-8,5 Seasons,,13 minutes,"Relatable Situations, Social Development, Social-Emotional, Family Relationships, Family Values, Emotional Intelligence",Moderate,Traditional 2D animation with a hand-drawn look.,Moderate,Low-Moderate,Low-Moderate,Moderate,Low,Moderate-High
The Big Comfy Couch,2,TV,2-6,7 Seasons,,22 minutes,"Preschool-Basics, Overcoming Fears, Social-Emotional, Problem Solving, Motor Skills, Numeracy, Literacy, Exercise",High,Live-action costumed puppetry with detailed sets. ,Moderate,Low-Moderate,Moderate,Moderate,Low-Moderate,Moderate
The Busy World of Richard Scarry,2,TV,3-6,5 Seasons,,23 minutes,"Learning from Mistakes, Cultural & Social, Problem Solving, Social-Emotional, Community Service, Relatable Situations, Curiosity",Moderate,"Traditional 2D hand-drawn animation with detailed illustrations. Soft, pastel colors with a focus on everyday environments.",Moderate,Low-Moderate,Moderate,Moderate,Low,Low-Moderate
The Care Bears (1985-1988),2,TV,4-8,3 Seasons,,11 minutes,"Learning from Mistakes, Emotional Intelligence, Social-Emotional, Social Development, Friendship",Moderate,Traditional 2D animation with soft character designs. Color Palette: Pastel colors and gentle hues.,Moderate,Low-Moderate,Low-Moderate,Moderate,Low,Moderate
The Cat in the Hat,3,TV,3-7,3 Seasons,,26 minutes,"STEM, Science, Nature, Exploration, Problem Solving, Geography, Ecosystems, Curiosity, Critical Thinking",High,"2D Digital Animation with a video game aesthetic. Color Palette: Bright, vivid colors with high saturation",High,Moderate-High,High,High,Moderate-High,Moderate
The Clangers (BBC),2,TV,3-6,2 Seasons,,10 minutes,"Spacetime and the Cosmos, Creativity & Imagination, Problem Solving, Social-Emotional, Social Development, Exploration, Teamwork",Moderate,Traditional Stop-Motion animation with live-action model sets,Low,Moderate,Moderate,Moderate-High,Moderate,High
The Crocodile Hunter (1996-2007):,3,TV,8+,8 Seasons,,48 minutes,"Enviromental Awareness, Overcoming Fears, Positive Role Models, Wildlife Exploration, Wildlife Conservation, Nature, Natural World, Animals, Animal Behaviour, Curiosity, Ecosystems, Intense Animal Interaction",High,Live-action documentary featuring wildlife. Color Palette: Natural colors showcasing diverse environments.,High,Low,Moderate,Moderate,Low,Low-Moderate
The Enchanted World of Brambly Hedge,2,TV,4-8,1 Season,,25 minutes,"Natural World, Social-Emotional, Problem Solving, Teamwork, Curiosity, Mindfulness, Nature",Moderate,Stop-motion animation with hand-crafted models.,Moderate,Low-Moderate,Moderate,Moderate-High,Low-Moderate,Moderate
The Epic Tales of Captain Underpants (2018-present),5,TV,6-10,,,24 minutes,"Creativity & Imagination, Humor, Friendship, Problem Solving, Entertainment, Mischievious Behaviour, Toilet Humour",Low,2D animation with a comic-book aesthetic,High,High,Moderate-High,High,High,Low-Moderate
The fixies,4,TV,4-8,5 Seasons,,6 minutes,"STEM, Problem Solving, Curiosity, Teamwork, Science, Motor Skills, Critical Thinking, Technology, Engineering Concepts",High,3D CGI Animation with detailed and dynamic visuals.,High,High,Moderate-High,Moderate-High,High,High
The Land Before Time (2016),4,TV,4-8,2 Seasons,,23 minutes,"Friendship, Problem Solving, Perseverance, Adventure, Entertainment, Dinosaurs, Mild Peril, Mild Intense Scenes",Low,3D CGI Animation,Moderate-High,Moderate-High,High,High,High,High
The Land of Boggs,5,YouTube,12+,,,,"Cultural & Social, Life Lessons, Creativity & Imagination, Learning from Mistakes, Complex Emotional Themes, Entertainment, Humor, Silly Comedy, Skit Comedy, Slice of Life, Light Hearted, Social-Emotional, Relatable Situations, Surreal Imagery, Mature Themes",Low,"2D animation with simple, colorful designs and expressive characters.",High,High,Moderate-High,Moderate,High,High
The Lion Guard,4,TV,4-8,3 Seasons,,22 minutes,"Enviromental Awareness, Natural World, Wildlife Conservation, Wildlife Exploration, Courage, Responsibility",Moderate,2D Digital Animation with bright and colorful designs. Color Palette: Bright and vivid colors with emphasis on primary colors.,High,High,Moderate-High,High,High,High
The Little Mermaid 1992 series,4,TV,6-10,3 Seasons,,22 minutes,"Enviromental Awareness, Adventure, Friendship, Courage, Marine Bioligy, Entertainment, Teamwork, Mild Peril",Low to Moderate,Traditional 2D Animation with Bold Designs,High,High,High,High,High,High
The Magic School Bus Rides Again,4,TV,6-10,4 Seasons,,26 minutes,"Enviromental Awareness, STEM, Exploration, Critical Thinking, Discovery, Curiosity, Nature, Science",High,Traditional hand-drawn 2D animation,High,Moderate-High,Moderate,Moderate,Moderate-High,High
The Magic School Bus (1994-1997),4,TV,6-10,4 Seasons,,26 minutes,"Enviromental Awareness, STEM, Nature, Science, Engineering Concepts, Curiosity, Experimentation",High,2D Traditional hand-drawn,High,High,Moderate-High,Moderate-High,High,Moderate-High
The Mik Maks,5,YouTube,2-6,,,,"Learning through Songs, Preschool-Basics, Elementary-Basics, sing-a-long, Dance, Instruments, Music, Motor Skills, Exercise, Phonics, Vocabulary, Entertainment, Silly Comedy, Family Values, Family Relationships",High,Live-Action Performances with Colorful Costumes and Sets. Some 2D animations,Moderate-High,Moderate,Moderate-High,Very-High,Moderate,Moderate
The New Adventures of Winnie the Pooh,2,TV,3-7,4 Seasons,,22 minutes,"Creativity & Imagination, Friendship, Problem Solving, Social Development, Emotional Intelligence, Relatable Situations",Moderate,Traditional Hand-Drawn 2D animation,Low-Moderate,Low,Low,Moderate,Low,Low
The Octonauts,5,TV,4-8,4 Seasons,,11 minutes,"Enviromental Awareness, Problem Solving, Ecosystems, Curiosity, Natural World, Marine Bioligy, Teamwork",High,3D CGI animation set in an underwater world. Extremely bright and vivid colors with high saturation.,Moderate,Moderate-High,Moderate,Moderate,Moderate-High,Moderate-High
The Oddbods Show,5,TV,6-10,4 Seasons,,7 minutes,"Creativity & Imagination, Humor, Problem Solving, Friendship, Entertainment, Social-Emotional, Slapstic Comedy, Mischievious Behaviour",Moderate,3D CGI animation with bright and vivid colors,None,Very-High,High,High,Very-High,High
The Snoopy Show,3,TV,6-10,3 Seasons,,7 minutes,"Cultural & Social, Creativity & Imagination, Entertainment, Social Development, Friendship",Low to Moderate,2D digital animation,Low-Moderate,Moderate-High,Moderate,High,High,High
The Stinky & Dirty Show (2016-2019),3,TV,3-6,2 Seasons,,11 minutes,"Creativity & Imagination, Problem Solving, Teamwork, Perseverance, Engineering Concepts, Critical Thinking",Moderate,3D CGI animation,Moderate,Moderate-High,Moderate,Moderate,Moderate-High,Moderate-High
The Wiggles,4,TV,1-4,6 Seasons,,22 minutes,"Physical Fitness, Preschool-Basics, Music, Dance, sing-a-long, Motor Skills, Social-Emotional, Entertainment",High,Live-Action with Bright Colors and Simple Settings,High,Moderate-High,High,High,Moderate-High,Moderate
Theodore Tugboat,2,TV,3-6,5 Seasons,,15 minutes,"Enviromental Awareness, Problem Solving, Friendship, Teamwork, Adventure, Responsibility, Social-Emotional",Moderate,"Combination of live-action, puppetry, and CGI elements. Color Palette: Bright and vivid colors with high contrast",Moderate,Low-Moderate,Moderate,Moderate,Low-Moderate,High
Thomas & Friends (1984-2008),1,TV,3-6,25 Seasons,,5 minutes,"Friendship, Teamwork, Problem Solving, Responsibility",Moderate,Traditional Stop-Motion animation with live-action model sets,Low,Low,Low,Moderate,Low,Low-Moderate
Thomas & Friends: All Engines Go (2021),5,TV,2-5,,,11 minutes,"Friendship, Teamwork, Responsibility, Problem Solving",Low,3D CGI animation,High,High,High,High,High,Low
Time for school,2,TV,3-6,1 Season,,10 minutes,"Arts & Crafts, Preschool-Basics, Elementary-Basics, Relatable Situations, Social Development, Social-Emotional, Routine, Motor Skills",Moderate,Live-action with real actors.,Moderate,Low,Moderate,Low-Moderate,Low,High
Tinga Tinga Tales,3,YouTube,4-7,,,,"Cultural Appreciation, Cultural & Social, Learning from Mistakes, African folk tales, Cultures & Traditions, Animals, Curiosity, Nature Sounds, Traditional Narratives, Geography, Animal Behaviour, Social-Emotional, Morality, Friendship, Responsibility, Humor, Entertainment, Light Hearted",Moderate,2D Animation Inspired by Tinga Tinga African Art,Moderate-High,Moderate,Moderate,Moderate-High,Moderate,Moderate
Tom & Jerry,4,TV,6-12,1 Season,,7 minutes,"Creativity & Imagination, Humor, Problem Solving, Slapstic Comedy, Rivalry, Entertainment, Music, Mild Fantasy Violence",Low,2D Digital Animation with exaggerated and dynamic character movements.,None,Very-High,High,Very-High,Very-High,Low-Moderate
Topsy and Tim,2,TV,3-6,3 Seasons,,11 minutes,"Social-Emotional, Relatable Situations, Family Relationships, Problem Solving, Emotional Intelligence",Moderate,Live-action with real actors.,Moderate,Low,Low-Moderate,Moderate,Low,High
Tots TV,2,TV,2-5,5 Seasons,,10 minutes,"Cultures & Traditions, Creativity & Imagination, Social-Emotional, Problem Solving, Literacy, Curiosity, Language Learning",High,"Live-Action with puppet segments. Color Palette: Soft, natural colors.",Moderate,Low-Moderate,Moderate,Moderate,Low-Moderate,Moderate
Tractor Ted,2,TV,2-5,3 Seasons,,10 minutes,"Agriculture, Machinery, Farm Life, Animals, Nature, Animal Behaviour",High,Live-Action and 2D Animation,Low-Moderate,Low,Low-Moderate,Moderate,Low,Low-Moderate
Trash truck,4,TV,3-6,2 Seasons,,12 minutes,"Creativity & Imagination, Problem Solving, Emotional Intelligence",Low,3D CGI animation,Moderate-High,High,Moderate,Moderate-High,Moderate-High,Moderate
"Tumble leaf",2,TV,3-6,4 Seasons,,11 minutes,"Creativity & Imagination, Nature, Motor Skills, Critical Thinking, Exploration, Natural World, Cognitive Development",High,Digital 3D Stop-Motion,Low,Low-Moderate,Moderate,Moderate-High,Moderate,High
Tweedy & Fluff,1,TV,2-5,,,5 minutes,"Life-Lessons, Exploring Emotions, Communication and Expression, Stop-Motion, Slice of Life, Friendship, Pet Ownership, Empathy, Gentle Humour, Problem-Solving, Relatable-Situations",Low to Moderate,"Traditional stop-frame animation techniques, meticulously capturing each movement of the handcrafted puppets frame by frame to create fluid and engaging motion.",Low,Moderate,"Low-Moderate, Gentle Melodies, Moderate tempos",Moderate-High,Moderate,Low
Ultimate Spiderman,5,TV,7-12,4 Seasons,,22 minutes,"Super Hero Themes, Morality, Responsibility, Courage, Problem Solving, Entertainment, Humor, Mild Violent themes, Mild Fantasy Violence",Low to Moderate,2D Digital Animation with bold lines and exaggerated expressions. Color Palette: Bright and vivid colors with high contrast,High,Very-High,High,High,Very-High,Moderate
VeggieTales,4,TV,4-8,2 Seasons,,30 minutes,"Cultures & Traditions, Religion, Responsibility, Family Values, History, Literacy, Social Development, Community Service, Biblical Teachings",Moderate,3D CGI,High,Moderate,Moderate,High,Moderate,Very-High
VeggieTales in the House (2014-2016),3,TV,4-7,,,22 minutes,"Cultures & Traditions,Religion, Responsibility, Family Values, History, Literacy, Social Development, Community Service, Biblical Teachings",Moderate,3D CGI,High,Moderate,Moderate,High,Moderate,Moderate
Vlad and Nikki,5,YouTube,3-8,,,,"Learn Through Play, Creativity & Imagination, Problem Solving, Adventure, Family Relationships, Multi-Lingual Learning, Humor, Entertainment, Hyper-Activity",Low,"Live-action videos featuring Vlad and Niki, often enhanced with special effects and animations to create engaging and fantastical elements.",High,Very-High,High,High,Very-High (Repetative) ,High
Vooks,2,YouTube,2-8,,,,"Creativity & Imagination, Literacy, Reading Comprehension, Vocabulary, Language Learning, Phonics, Cognitive Development, Music, Speech Development, Read-Along",High,"Animated adaptations of children's books, featuring subtle animations that complement the original illustrations, accompanied by professional narration and sound effects.",Moderate,Low-Moderate,Moderate,Moderate-High,Moderate-High,Low-Moderate
Wacky Races,5,TV,6-10,1 Season,,11 minutes,"Creativity & Imagination, Adventure, Humor, Entertainment, Perseverance, Slapstic Comedy, Mechanics, Engineering Concepts, Lack of Consequences, Mild Intense Scenes, Mild Violent themes",Low,Cartoonish 2D animation style,Moderate-High,Very-High,High,High,Very-High,Moderate
Wallykazam,3,TV,3-6,2 Seasons,,26 minutes,"Elementary-Basics, Motor Skills, Problem Solving, Language Learning, Literacy, Fantasy Elements, Reading Comprehension, Phonics",High,3D CGI Animation with bright and vibrant colors. Color Palette: Bright and cheerful colors with high saturation.,High,Moderate,Moderate,Moderate-High,Moderate,Very-High
"What's New, Scooby-Doo? (2002–2006)",5,TV,7-12,,,22 minutes,"Problem Solving, Teamwork, Mystery, Entertainment, Humor, Critical Thinking, Mild Peril, Mild Fantasy Violence",Low,Digital 2D animation,Moderate-High,High,High,High,High,Moderate
Wishenpoof,3,TV,3-6,2 Seasons,,24 minutes,"Creativity & Imagination, Social-Emotional, Problem Solving, Social Development, Morality, Emotional Intelligence",High,"3D CGI Animation with stylized and colorful designs. Bright but not overly saturated colors, with a focus on vibrant settings.",High,Moderate,Moderate,Moderate-High,Moderate,High
Woolly and Tig,2,TV,2-5,2 Seasons,,5 minutes,"Overcoming Fears, Social-Emotional, Relatable Situations, Courage, Emotional Intelligence",Moderate,Combination of live-action and CGI animation.,Moderate,Low-Moderate,Moderate,Moderate,Low-Moderate,Moderate
Work It Out Wombats,3,TV,4-7,1 Season,,26 minutes,"Life Lessons, Problem Solving, Teamwork, Critical Thinking, Social-Emotional, Relatable Situations",High,2D digital animation with a hand-drawn look. Bright and cheerful colors with simple backgrounds,Moderate-High,Moderate,Moderate,Moderate-High,Moderate,Low-Moderate
Xavier Riddle and the Secret Museum,3,TV,5-8,2 Seasons,,26 minutes,"Cultures & Traditions, Life Lessons, History, Morality, Problem Solving, Curiosity, Courage, Adventure",High,2D Digital Animation with a watercolor aesthetic. Color Palette: Soft and natural colors with pastel hues.,Moderate-High,Moderate,Moderate,Moderate,Moderate,Moderate
Zaky & friends,3,YouTube,3-8,,,,"Life Lessons, Cultures & Traditions, Learning through Songs, Cultural Appreciation, Spiritual Development, Quranic stories, Religion, Literacy, Numeracy, Social Development, Social-Emotional, Emotional Intelligence",High,2D Digital Animation with bright colors. Color Palette: Vibrant and engaging.,Moderate-High,Moderate,Moderate,Moderate-High,Moderate,Low-Moderate
Zoboomafoo (1999-2001),3,TV,4-8,2 Seasons,,26 minutes,"Enviromental Awareness, Wildlife Exploration, Animals,Curiosity, Nature, Wildlife Conservation",Moderate,"Live-action, puppetry, and animation",High,Moderate,Moderate-High,High,Moderate,Moderate-High
dino ranch,3,TV,3-6,3 Seasons,,11 minutes,"Teamwork, Responsibility, Problem Solving, Adventure, Dinosaurs",Moderate,3D CGI animation,Moderate,Moderate,Moderate-High,Moderate,Moderate-High,Moderate